playerid,Name,Team,position,PA,AB,R,HR,RBI,SB,AVG,marginal_total_points,dollar_value,status
13769,Adalberto Mondesi,Royals,ss,644,599,83.73993808049536,20.93498452012384,78.75541795665634,53.83281733746129,0.257,12.45301783796579,41.48242557745886,drafted
18401,Ronald Acuna Jr.,Braves,of,665,578,111.9692532942899,41.86676427525622,97.36456808199122,27.26207906295754,0.279,11.352129837391342,38.45174566999508,drafted
19709,Fernando Tatis Jr.,Padres,ss,672,593,109.18759231905466,38.711964549483014,99.26144756277697,25.80797636632201,0.286,10.935437308449632,37.30461564914376,drafted
13510,Jose Ramirez,Indians,3b,672,561,102.90964777947931,32.931087289433385,100.85145482388974,24.69831546707504,0.275,9.852639394542667,34.32373668615277,drafted
12564,Trevor Story,Rockies,ss,658,597,100.85416666666667,34.270833333333336,95.95833333333334,24.479166666666668,0.276,9.691179082060092,33.87924594355367,drafted
16252,Trea Turner,Nationals,ss,658,612,96.59593023255815,21.99709302325581,73.64244186046511,32.51744186046511,0.286,9.41223484788244,33.11132887534694,drafted
20123,Juan Soto,Nationals,of,672,527,108.38709677419355,39.225806451612904,113.5483870967742,12.387096774193548,0.304,9.336836621317909,32.90376199280459,drafted
11477,Christian Yelich,Brewers,of,679,559,105.39701492537313,35.47014925373134,98.30298507462686,18.241791044776118,0.28,8.950675331969943,31.840682678599585,drafted
15998,Cody Bellinger,Dodgers,"1b, of",651,546,102.41588785046729,40.5607476635514,114.5841121495327,12.16822429906542,0.282,8.773971999439574,31.354228798457154,drafted
10155,Mike Trout,Angels,of,679,529,117.38301043219077,40.476900149031295,106.25186289120715,10.119225037257824,0.282,8.600370795459705,30.876314895736105,drafted
13611,Mookie Betts,Dodgers,of,679,584,110.02773722627738,32.71094890510949,88.22043795620438,18.833576642335768,0.273,8.474994643491815,30.531161724436267,drafted
12916,Francisco Lindor,Indians,ss,672,603,102.475073313783,32.516129032258064,91.63636363636363,18.721407624633432,0.277,8.382502829780563,30.276537201984112,drafted
20043,Luis Robert,White Sox,of,644,553,84.45901639344262,30.61639344262295,89.73770491803278,24.281967213114758,0.261,8.22897129206409,29.853873909917585,drafted
19612,Bo Bichette,Blue Jays,ss,644,613,93.77711738484399,23.922734026745914,78.46656760772659,22.965824665676077,0.282,7.775408336298231,28.605241772868045,drafted
18345,Kyle Tucker,Astros,of,644,550,88.57605177993528,31.262135922330096,94.8284789644013,19.79935275080906,0.256,7.669332651207334,28.313221651558987,drafted
14161,Byron Buxton,Twins,of,588,484,81.94350282485877,28.7909604519774,86.37288135593221,21.03954802259887,0.266,7.360450921197358,27.462888418355053,drafted
11493,Manny Machado,Padres,"3b, ss",679,583,97.58698940998487,36.980332829046894,107.85930408472012,9.2450832072617235,0.274,7.340897730282267,27.409059633953508,drafted
11579,Bryce Harper,Phillies,of,679,535,99.34087481146305,36.86877828054299,98.31674208144797,13.313725490196079,0.248,7.258743770705081,27.182894615823376,drafted
17350,Rafael Devers,Red Sox,3b,658,595,100,35,104,7,0.288,6.990343916358142,26.444005605032977,drafted
19290,Randy Arozarena,Rays,of,644,555,83.19617224880383,25.677830940988837,81.14194577352472,21.569377990430624,0.258,6.883239643600584,26.14915384238276,drafted
5361,Freddie Freeman,Braves,1b,679,558,101.54229607250755,33.84743202416919,104.61933534743201,5.128398791540786,0.292,6.7039792717277855,25.6556605833447,drafted
11281,Whit Merrifield,Royals,"2b, of",665,627,89.50072358900144,15.397973950795947,64.47901591895803,23.096960926193923,0.283,6.443247536148986,24.937881452457184,drafted
15172,Tim Anderson,White Sox,ss,672,620,87.03614457831326,23.27710843373494,80.96385542168674,17.204819277108435,0.277,6.390901104487719,24.793774805295577,drafted
17484,Eloy Jimenez,White Sox,of,651,577,93.73575949367088,40.17246835443038,111.24683544303797,1.0300632911392404,0.289,6.369793071138709,24.735665631134772,drafted
16556,Ozzie Albies,Braves,2b,651,578,88.35725429017161,26.405616224648988,85.31045241809673,14.218408736349454,0.278,6.319221154382172,24.59644411912266,drafted
12979,Javier Baez,Cubs,"2b, ss",665,601,82.3529411764706,30.88235294117647,98.8235294117647,12.352941176470587,0.256,6.1691052719914845,24.18318392524712,
9777,Nolan Arenado,Rockies,3b,665,577,93.83435582822085,35.6978527607362,108.11349693251535,3.0598159509202456,0.284,6.160483972003314,24.159449993514983,drafted
17678,Alex Bregman,Astros,3b,665,546,101.7651515151515,32.24242424242424,100.75757575757576,5.037878787878788,0.278,6.124597632639377,24.0606570122072,drafted
10324,Marcell Ozuna,NA,of,651,568,90.55641421947449,35.216383307573416,104.64296754250387,5.030911901081916,0.277,6.100029882779019,23.99302344200339,drafted
9241,Starling Marte,Marlins,of,630,589,75.09287925696594,19.5046439628483,75.09287925696594,21.455108359133124,0.268,6.048765655419501,23.851896039625426,drafted
6184,J.D. Martinez,Red Sox,"dh, of",658,570,95.01075268817203,35.376344086021504,107.13978494623656,3.032258064516129,0.277,5.986994940778742,23.681844895790864,
4949,Giancarlo Stanton,Yankees,"dh, of",595,507,90.05952380952381,41.488095238095234,104.22619047619048,4.0476190476190474,0.252,5.880981268111569,23.38999549103653,
19611,Vladimir Guerrero Jr.,Blue Jays,"3b, dh",665,570,96.03260869565217,29.945652173913043,101.19565217391305,3.097826086956522,0.301,5.8663555917467916,23.3497318643382,drafted
3473,Anthony Rizzo,Cubs,1b,679,554,98.31674208144797,31.748114630467573,96.26847662141779,6.144796380090498,0.27,5.836279243510636,23.26693344684102,
13624,Corey Seager,Dodgers,ss,651,572,95.88372093023257,31.288372093023256,98.91162790697675,3.027906976744186,0.297,5.79163051813283,23.14401813227153,drafted
20521,Nick Madrigal,White Sox,2b,630,515,76.93805309734513,7.8053097345132745,66.90265486725663,22.300884955752213,0.306,5.791608433616773,23.143957334897916,drafted
18363,Victor Robles,Nationals,of,644,529,73.72390572390573,17.346801346801346,70.47138047138047,23.85185185185185,0.251,5.743171758352571,23.01061401711176,drafted
20003,Keston Hiura,Brewers,2b,644,556,82.96296296296296,31.11111111111111,91.25925925925925,11.407407407407407,0.255,5.7316802737764245,22.97897863604331,drafted
19556,Yordan Alvarez,Astros,dh,567,475,87.30978260869564,38.0054347826087,100.66304347826087,3.0815217391304346,0.278,5.726557865990706,22.96487694872733,drafted
16997,Gleyber Torres,Yankees,"2b, ss",644,548,88.6144,32.9728,97.88799999999999,6.1823999999999995,0.27,5.6644228443082705,22.79382288903686,drafted
12161,Xander Bogaerts,Red Sox,ss,651,570,89.27426810477658,27.083204930662557,94.28967642526965,8.024653312788907,0.28,5.61920436185759,22.66933906676087,drafted
19251,Pete Alonso,Mets,1b,644,558,93.27580893682588,42.66872110939908,103.19876733436055,1.9845916795069338,0.246,5.541363951133109,22.455048994884063,drafted
10047,Wil Myers,Padres,"1b, of",658,549,82.51446945337621,28.562700964630228,86.74598070739549,13.7524115755627,0.239,5.441131199327483,22.1791141252074,drafted
5417,Jose Altuve,Astros,2b,665,600,92.88261515601783,22.726597325408616,81.02526002971769,10.86924219910847,0.28,5.426540067044486,22.138945596334207,
16376,Michael Conforto,Mets,of,651,546,90.41666666666667,32.148148148148145,92.42592592592592,7.032407407407407,0.255,5.301994848529369,21.796079935951415,drafted
14566,Franmil Reyes,Indians,"dh, of",658,557,91.76545166402536,38.58320126782884,102.19334389857369,1.0427892234548337,0.262,5.269479275237942,21.706566475360898,drafted
18564,Trent Grisham,Padres,of,630,546,88.73239436619718,23.661971830985916,72.95774647887325,14.788732394366196,0.254,5.250757732616964,21.655027169792557,drafted
19238,Lourdes Gurriel Jr.,Blue Jays,of,623,564,80.41993464052288,29.521241830065357,91.61764705882354,8.143790849673202,0.271,5.246206656706217,21.64249832552062,drafted
15676,Jose Abreu,White Sox,1b,665,598,88.93617021276596,33.351063829787236,104.09574468085107,2.021276595744681,0.272,5.197625183107203,21.508756386436275,drafted
2967,Tommy Pham,Padres,of,581,498,81.57876712328768,21.886986301369863,72.625,14.92294520547945,0.267,5.137106560973242,21.34215217962043,
12164,Miguel Sano,Twins,3b,651,538,90.91011235955055,40.75280898876405,102.40449438202246,2.089887640449438,0.235,5.058155311260212,21.124804033351616,drafted
15640,Aaron Judge,Yankees,of,588,501,92.6896551724138,34.75862068965517,84.9655172413793,5.793103448275862,0.248,4.944371902320084,20.811565001681146,drafted
12856,George Springer,NA,of,602,547,92.32550860719874,31.089201877934276,76.30985915492957,6.594679186228483,0.27,4.91786370661198,20.73858949820237,drafted
12861,Anthony Rendon,Angels,3b,665,558,93.26219512195122,27.370426829268293,97.3170731707317,3.0411585365853657,0.277,4.896857345711974,20.68076022231294,drafted
13066,Teoscar Hernandez,Blue Jays,of,616,531,79.85185185185185,31.11111111111111,89.18518518518519,9.333333333333334,0.24,4.841776609500842,20.529126195567,drafted
12144,Max Kepler,Twins,of,644,577,95.44311377245509,30.850299401197606,81.94610778443113,6.748502994011975,0.25,4.824980019818475,20.48288617220613,drafted
14128,Joey Gallo,Rangers,of,644,531,86.34069400630915,39.61514195583596,96.49842271293376,6.094637223974764,0.21,4.811662497213695,20.446223815858854,
12552,Eugenio Suarez,Reds,3b,672,560,89.25801526717557,35.908396946564885,98.49160305343511,3.0778625954198473,0.241,4.762973934889658,20.312187067813856,drafted
14344,Matt Olson,Athletics,1b,630,541,87.1383147853736,37.05882352941176,99.15739268680446,2.003179650238474,0.242,4.628299271729534,19.941435642173047,drafted
17919,Ian Happ,Cubs,of,644,541,87.08176100628931,29.364779874213834,81.00628930817611,9.11320754716981,0.241,4.627651037352022,19.93965109106319,drafted
16505,Matt Chapman,Athletics,3b,651,578,92.29864253393664,34.366515837104075,96.22624434389141,1.9638009049773757,0.249,4.616304004709619,19.90841337767116,drafted
21618,Alec Bohm,Phillies,3b,651,551,82.16504854368932,25.28155339805825,88.48543689320388,5.266990291262135,0.286,4.613112570561348,19.89962754719239,drafted
12533,Marcus Semien,NA,ss,672,599,91.9475982532751,23.47598253275109,72.38427947598254,10.759825327510917,0.253,4.549886151300804,19.725568934169246,
19950,Andres Gimenez,Mets,"2b, ss",574,468,62.536964980544745,13.400778210116732,61.42023346303502,23.451361867704282,0.248,4.548654867659408,19.722179282732935,drafted
4892,Mike Moustakas,Reds,3b,630,552,82.30645161290323,34.54838709677419,96.53225806451613,3.0483870967741935,0.249,4.495293324749999,19.57527809401762,drafted
19755,Shohei Ohtani,Angels,dh,504,439,68.6813627254509,24.240480961923847,74.74148296593187,13.130260521042084,0.26,4.475099161420668,19.51968475026393,
17128,Ramon Laureano,Athletics,of,651,552,80.20320000000001,23.9568,79.16159999999999,11.457600000000001,0.249,4.474826243148138,19.518933422313673,drafted
18042,Dylan Moore,Mariners,of,567,483,63.46238532110092,16.64587155963303,58.2605504587156,24.968807339449544,0.222,4.474262141956449,19.517380484915375,drafted
14551,Anthony Santander,Orioles,of,630,587,81.83098591549295,29.577464788732392,88.73239436619718,4.929577464788733,0.263,4.422768192242116,19.375620670407685,drafted
18360,Austin Riley,Braves,"3b, of",651,524,82.631217838765,34.61578044596912,94.91423670668954,2.2332761578044598,0.254,4.404459833178896,19.325218834868934,drafted
9218,Paul Goldschmidt,Cardinals,1b,658,563,86.47432024169184,27.83081570996979,88.46223564954683,3.97583081570997,0.265,4.293255828770302,19.019080752144102,
13613,Ketel Marte,Diamondbacks,"2b, ss",644,594,87.02702702702703,20.306306306306304,76.3903903903904,6.768768768768769,0.287,4.225080916659255,18.831399229391337,drafted
5038,Josh Donaldson,Twins,3b,602,502,89.55371900826447,30.846280991735537,88.55867768595041,2.9851239669421488,0.253,4.218694378938606,18.81381746672508,
19470,Tommy Edman,Cardinals,3b,623,576,74.6813880126183,14.7397476340694,64.85488958990537,15.722397476340694,0.268,4.182865245248479,18.71518196927226,
18015,Paul DeJong,Cardinals,ss,651,570,80.8695652173913,28.304347826086957,87.94565217391305,6.065217391304348,0.249,4.173195205526701,18.68856091874407,drafted
13152,Jorge Polanco,Twins,ss,651,600,87.44776119402985,18.46119402985075,75.78805970149253,8.744776119402985,0.273,4.140912639630905,18.59968891380741,
19252,Cavan Biggio,Blue Jays,2b,644,551,87.420814479638,20.398190045248867,67.02262443438914,13.598793363499247,0.237,4.133289877391345,18.578703897759677,drafted
14162,Carlos Correa,Astros,ss,665,545,85.53054662379421,28.866559485530548,93.0144694533762,2.1382636655948555,0.263,4.127808823058275,18.563614877595697,
7859,Charlie Blackmon,Rockies,of,588,546,81.10344827586206,24.137931034482758,77.24137931034483,5.793103448275862,0.284,4.121805269900491,18.547087448902502,drafted
14221,Jorge Soler,Royals,"dh, of",616,530,84,33,90,3,0.246,4.112322379498434,18.520981609442725,drafted
15362,Jeff McNeil,Mets,"2b, of",644,588,84.89090909090908,18.53939393939394,73.18181818181817,7.806060606060606,0.286,4.057878984073828,18.371102144391454,drafted
10243,Randal Grichuk,Blue Jays,of,616,560,80.65466448445173,32.261865793780686,92.75286415711948,3.0245499181669393,0.246,4.0395810711798585,18.320729066542174,drafted
17027,Alex Verdugo,Red Sox,of,623,550,82.05365853658537,17.22113821138211,72.93658536585366,8.104065040650406,0.292,4.021053914599137,18.269724894308187,drafted
11739,J.T. Realmuto,NA,catcher,612,551,76,24,83,6.999999999999999,0.265,3.971669128773492,18.133771483917588,drafted
9077,Lorenzo Cain,Brewers,of,623,544,75.48465266558966,13.084006462035541,57.368336025848144,17.109854604200322,0.263,3.9519278036437293,18.07942477708977,
9874,DJ LeMahieu,NA,2b,651,615,87.6896046852123,18.109809663250367,68.62664714494876,6.67203513909224,0.294,3.9070892080412474,17.955986760960585,drafted
18900,Leody Taveras,Rangers,of,574,523,66.83561643835615,12.777397260273972,52.09246575342466,21.623287671232877,0.245,3.8970174984253942,17.92825993684165,drafted
17620,Myles Straw,Astros,"of, ss",518,432,58.142857142857146,4.228571428571429,44.4,27.485714285714284,0.254,3.8837920552754004,17.89185106981696,
16478,Kyle Schwarber,NA,of,553,464,78.85557586837294,34.37294332723949,83.91042047531992,4.043875685557587,0.239,3.870105990430167,17.85417413836067,
3516,Eric Hosmer,Padres,1b,658,581,80.34312210200927,24.408037094281298,87.46213292117466,5.08500772797527,0.26,3.858822996130306,17.8231127187587,
19198,Yuli Gurriel,Astros,1b,637,567,77.6829268292683,23.822764227642278,88.04065040650407,4.143089430894309,0.274,3.854896851325903,17.812304273061873,drafted
5933,Jean Segura,Phillies,"2b, ss",637,582,75.88087774294671,15.974921630094043,72.88557993730407,9.984326018808776,0.281,3.8205203634014295,17.717667823952144,
17232,Yoan Moncada,White Sox,"2b, 3b",637,569,85.25999999999999,23.520000000000003,77.42,6.859999999999999,0.253,3.7727513076027113,17.586162423282733,
18314,Dansby Swanson,Braves,ss,665,568,81.32352941176471,20.58823529411765,74.11764705882352,10.294117647058824,0.246,3.7656790302568943,17.566692859766015,drafted
11737,Nicholas Castellanos,Reds,"3b, of",630,586,84.19354838709678,27.096774193548388,85.16129032258065,2.903225806451613,0.26,3.723758247664207,17.451287411216732,drafted
15429,Kris Bryant,Cubs,"3b, of",637,556,88.09574468085107,26.138297872340424,81.31914893617021,3.872340425531915,0.254,3.6949794516249383,17.37206107859098,
15983,Clint Frazier,Yankees,of,609,510,76.78238341968911,26.295336787564764,83.09326424870467,6.310880829015544,0.245,3.645014953418588,17.23451175411703,drafted
18373,Ryan Mountcastle,Orioles,"1b, of",595,535,72.05882352941177,26.764705882352942,84.41176470588236,3.0882352941176467,0.277,3.6334670896067625,17.20272116432918,drafted
18577,Ke'Bryan Hayes,Pirates,3b,567,499,70.875,18.224999999999998,69.8625,9.112499999999999,0.284,3.6198639939604162,17.165272642196886,
14350,Raimel Tapia,Rockies,of,602,529,68.97916666666666,10.45138888888889,59.572916666666664,15.677083333333334,0.277,3.6101838009245784,17.138623640192343,drafted
19363,Austin Hays,Orioles,of,546,486,66.18181818181819,22.75,68.25,11.375,0.256,3.6098259511110764,17.137638500705762,
9256,A.J. Pollock,Dodgers,of,574,493,72.67155963302753,26.3302752293578,78.9908256880734,7.372477064220184,0.247,3.5931344493284203,17.091687778151154,drafted
16472,Rhys Hoskins,Phillies,"1b, of",602,485,84.98823529411764,31.364705882352943,84.98823529411764,3.035294117647059,0.233,3.5594070877155826,16.99883833559346,
12155,Eddie Rosario,NA,of,546,499,69.76666666666667,26.288888888888888,83.92222222222222,4.044444444444444,0.271,3.548763974267571,16.969538470336584,drafted
14811,Luke Voit,Yankees,1b,609,533,85.1609756097561,30.697560975609758,86.15121951219511,0.9902439024390244,0.251,3.546659669413132,16.96374544285495,drafted
9847,Andrew McCutchen,Phillies,of,595,534,82.42834394904459,24.633757961783438,66.32165605095541,8.527070063694268,0.246,3.52207296205186,16.89605968376627,drafted
5297,Aaron Hicks,Yankees,of,609,508,81.7315875613748,24.918166939443537,75.75122749590835,7.973813420621932,0.234,3.5141107718705973,16.874140242561385,
17901,Andrew Benintendi,Red Sox,of,588,512,78.20202020202021,16.82828282828283,64.34343434343434,11.87878787878788,0.257,3.5096110365626147,16.86175273594882,
10815,Jurickson Profar,NA,2b,588,473,70.64695009242143,20.650646950092423,71.73382624768946,10.868761552680223,0.25,3.499496498988137,16.833908008979083,drafted
4106,Michael Brantley,NA,of,602,544,74.5049504950495,18.87458745874587,79.47194719471946,4.966996699669966,0.289,3.4834669691600153,16.789779656275783,
13301,Max Muncy,Dodgers,"1b, 2b",630,508,87.07317073170732,29.707317073170735,82.97560975609757,3.073170731707317,0.234,3.4482041269798014,16.692703126038488,drafted
14854,Mike Yastrzemski,Giants,of,658,582,83.24096385542168,21.80120481927711,72.34036144578313,7.927710843373494,0.247,3.4453473791638936,16.684838667345282,drafted
15487,Victor Reyes,Tigers,of,560,537,65.02599653379549,11.646447140381284,53.37954939341421,16.499133448873483,0.274,3.433442338119185,16.65206478964573,drafted
5222,Justin Upton,Angels,of,588,498,75.04195804195804,28.783216783216783,83.26573426573427,5.13986013986014,0.238,3.4310141401868095,16.645380103573075,
18036,Jake Cronenworth,Padres,2b,637,535,72.8905472636816,11.62023217247098,68.66500829187396,11.62023217247098,0.274,3.356641875208963,16.44063763292818,drafted
18882,Brandon Lowe,Rays,2b,574,508,75.34369602763385,25.77547495682211,76.33506044905009,5.948186528497409,0.25,3.3382591790308975,16.390031151685033,drafted
15679,Rowdy Tellez,Blue Jays,"1b, dh",546,468,71.75999999999999,27.04,80.08,4.16,0.259,3.3093681118969394,16.310495743339786,drafted
20126,Dylan Carlson,Cardinals,of,574,467,67.65779467680608,18.551330798479086,67.65779467680608,12.00380228136882,0.251,3.3028698109382133,16.29260630305341,drafted
7304,Salvador Perez,Royals,catcher,533,507,67.97966728280961,28.57116451016636,83.74306839186691,2.955637707948244,0.262,3.2764628448344486,16.21990947872069,drafted
2434,Nelson Cruz,NA,dh,560,493,75.19434628975266,30.671378091872793,85.08833922261483,0.9893992932862191,0.256,3.259811215852995,16.174068523642337,
6012,Didi Gregorius,NA,ss,581,515,68.7756183745583,21.5565371024735,76.98763250883393,7.185512367491166,0.261,3.242907265343532,16.127532942239817,
4314,Joey Votto,Reds,1b,665,558,90.77151335311572,23.67952522255193,74.98516320474776,2.9599406528189913,0.255,3.1997061518004686,16.008602817897735,
9785,Kyle Seager,Mariners,3b,651,564,75.5078369905956,26.529780564263323,82.65047021943573,5.101880877742946,0.235,3.1667113094548363,15.917769957793288,
15672,Austin Meadows,Rays,of,490,450,66.68639053254438,21.26232741617357,62.82051282051282,10.631163708086785,0.256,3.1633113286548937,15.908410010649916,drafted
13757,Chris Taylor,Dodgers,"of, ss",644,536,76.81699346405229,18.941176470588236,74.7124183006536,8.418300653594772,0.247,3.1609466955793772,15.901900314889083,drafted
13621,Jeimer Candelario,Tigers,3b,637,543,79.11783439490446,24.343949044585987,80.13216560509554,4.057324840764331,0.251,3.1579019673257718,15.893518357108569,drafted
12984,Jackie Bradley Jr.,NA,of,616,487,71.37254901960785,21.96078431372549,71.37254901960785,10.980392156862745,0.226,3.138281044781789,15.8395031115169,
12092,Niko Goodrum,Tigers,"2b, ss",616,551,68.66558966074314,16.91760904684976,63.68982229402262,14.927302100161551,0.228,3.1215953378599828,15.793568341873339,
11038,Kevin Kiermaier,Rays,of,539,450,58.936381709741546,16.07355864811133,60.00795228628231,17.145129224652084,0.233,3.09453839461478,15.719082168704192,
11899,Joc Pederson,NA,of,525,454,75.71157495256168,28.889943074003796,72.72296015180265,3.984819734345351,0.249,3.087904631484115,15.700819809026832,
5760,Avisail Garcia,Brewers,of,595,535,70.23608768971332,21.070826306914,71.23946037099493,8.02698145025295,0.255,3.0733806100080496,15.660836032257428,
13145,Josh Bell,Nationals,1b,588,499,75.64322469982847,26.222984562607206,82.70325900514581,2.0171526586620927,0.259,3.0724291279350733,15.65821665808006,drafted
19966,Bobby Dalbec,Red Sox,1b,574,465,73.50659133709982,29.186440677966104,79.9924670433145,4.323917137476459,0.234,3.052690079111124,15.603876217788246,
13419,Christian Walker,Diamondbacks,1b,616,519,74.38095238095238,25.142857142857142,80.66666666666667,4.190476190476191,0.247,3.0189111684484704,15.510884863728705,drafted
1744,Miguel Cabrera,Tigers,"1b, dh",623,557,75.0364500792393,22.708399366085576,81.94770206022187,1.9746434231378764,0.273,3.01593800596074,15.502699922291894,drafted
12927,Brandon Nimmo,Mets,of,623,508,84.05555555555556,18.788888888888888,62.300000000000004,8.9,0.241,2.9084525911764003,15.206798898062065,
5235,Justin Turner,NA,3b,560,488,75.06172839506172,21.728395061728392,76.04938271604938,1.9753086419753085,0.282,2.9061406390216256,15.200434229777155,
10681,Giovanny Urshela,Yankees,3b,644,551,75.45214521452145,20.19141914191419,80.76567656765675,3.1881188118811883,0.268,2.8998731716736064,15.183180260842608,drafted
17338,Willi Castro,Tigers,ss,588,519,68.32394366197182,15.528169014084506,66.25352112676056,9.316901408450704,0.269,2.8957180565317366,15.17174147327558,
19294,Nick Solak,Rangers,of,567,501,66.46891651865009,18.127886323268207,65.46181172291297,9.063943161634104,0.264,2.8656542683931425,15.088977632988156,
11445,Mark Canha,Athletics,of,616,511,78.02666666666667,22.586666666666666,79.05333333333333,4.106666666666667,0.247,2.858542178827545,15.069398468772276,drafted
18030,Harrison Bader,Cardinals,of,567,437,65.37972166998011,19.163021868787276,64.25248508946322,12.399602385685885,0.232,2.823667409479946,14.973390280215357,
2396,Carlos Santana,Royals,1b,623,520,80.48325358851675,24.84051036682616,81.47687400318979,1.9872408293460926,0.246,2.8035345438132735,14.917965685321223,drafted
14712,Manuel Margot,Rays,of,448,382,51.65176470588236,11.59529411764706,48.48941176470588,18.974117647058822,0.253,2.8025600011065683,14.915282826575705,drafted
19293,Nick Senzel,Reds,of,483,408,59.44615384615385,14.861538461538462,53.07692307692307,14.861538461538462,0.254,2.7673169135299047,14.818260679599948,
20078,Evan White,Mariners,1b,630,536,69.76510067114094,26.426174496644297,76.10738255033557,5.285234899328859,0.234,2.7280003331006393,14.710024446418208,
14274,Mitch Haniger,Mariners,of,595,534,76.43089430894308,23.21951219512195,66.7560975609756,6.772357723577236,0.238,2.712352617185567,14.666947204957891,
13185,Orlando Arcia,Brewers,ss,602,492,66.27522935779817,17.673394495412843,68.48440366972477,8.836697247706422,0.255,2.701164196721198,14.636146141561863,
10847,Andrelton Simmons,NA,ss,609,536,68.12542372881356,11.354237288135593,65.02881355932203,9.289830508474576,0.278,2.6792604841191174,14.575846509222018,
15491,J.P. Crawford,Mariners,ss,665,579,78.2935916542474,13.874813710879286,58.47242921013413,11.892697466467958,0.239,2.67463604644817,14.563115704339646,
sa917929,Alex Kirilloff,Twins,of,511,438,64.00835073068893,17.068893528183715,65.07515657620043,7.467640918580376,0.277,2.649790012876214,14.494716035447437,drafted
9112,Khris Davis,Athletics,"dh, of",560,472,71.6883116883117,31.16883116883117,83.11688311688312,1.038961038961039,0.233,2.6320191463018574,14.445793885113327,
15464,Hunter Renfroe,Red Sox,of,504,436,66.2340862422998,28.977412731006158,76.58316221765914,4.139630390143737,0.234,2.6192173186444565,14.410551206621188,
16530,Mauricio Dubon,Giants,"2b, of",553,464,60.34722222222222,14.263888888888888,61.44444444444444,10.972222222222221,0.267,2.6011092984183124,14.360700892116274,
19326,Bryan Reynolds,Pirates,of,595,529,71.87919463087249,17.969798657718123,67.88590604026845,5.98993288590604,0.266,2.597137062526229,14.349765560366302,
15117,Hunter Dozier,Royals,"1b, 3b",609,536,73.12006578947368,21.034539473684212,76.125,5.008223684210526,0.246,2.596796186974181,14.348827150023018,
15653,Dominic Smith,Mets,"1b, of",581,503,70.67620751341681,23.905187835420392,77.95169946332736,3.1180679785330945,0.252,2.5888945579108276,14.327074430013315,drafted
21479,Nico Hoerner,Cubs,"2b, ss",546,434,62.30290456431535,11.327800829875518,60.037344398340245,11.327800829875518,0.274,2.5866448880354698,14.320881221179977,
18839,Josh Naylor,Indians,of,539,454,68.69607843137254,19.023529411764706,69.7529411764706,4.227450980392157,0.279,2.5841060999165237,14.313892086828996,
18289,Brian Anderson,Marlins,"3b, of",672,564,76.85935085007728,21.81143740340031,78.93663060278206,3.1159196290571867,0.248,2.583626992358446,14.312573131904406,drafted
16512,Isiah Kiner-Falefa,Rangers,"3b, catcher",609,521,62.27209705372617,8.44367417677643,56.994800693240904,14.776429809358753,0.259,2.5652326675444255,14.261934637710514,
16219,J.D. Davis,Mets,"3b, of",588,487,74.29602888086642,23.350180505415164,76.41877256317689,2.1227436823104693,0.258,2.552232893969515,14.226147025751349,drafted
17954,Sam Hilliard,Rockies,of,497,394,56.86498855835241,19.334096109839816,60.276887871853546,12.510297482837528,0.236,2.496603890508141,14.073003651516508,
10762,Corey Dickerson,Marlins,of,574,528,67.11692844677137,20.034904013961604,69.12041884816755,5.008726003490401,0.267,2.484439299607884,14.039515248332272,
12147,Nick Ahmed,Diamondbacks,ss,644,533,68.41821247892074,18.462057335581786,71.67622259696459,7.602023608768971,0.243,2.476640196258105,14.018044775581116,
11200,Kole Calhoun,Diamondbacks,of,602,518,74.24666666666667,25.083333333333332,74.24666666666667,4.013333333333334,0.233,2.4450480276513336,13.931073393769534,
14818,JaCoby Jones,Tigers,of,574,481,65.0817843866171,17.070631970260223,60.81412639405204,11.736059479553903,0.234,2.429144740664582,13.887292580182477,
12434,Kevin Pillar,NA,of,525,470,59.1403162055336,15.563241106719367,62.25296442687747,10.375494071146246,0.258,2.3960888906563715,13.796291769571638,
17975,Scott Kingery,Phillies,"of, ss",602,519,63.25744308231173,17.92294220665499,64.31173380035025,11.597197898423818,0.227,2.392415236657791,13.786178416210841,
19508,Kyle Lewis,Mariners,of,644,576,70.34461538461538,21.796923076923076,74.3076923076923,5.9446153846153855,0.231,2.356738778464184,13.687963225419027,drafted
11205,Adam Eaton,White Sox,of,546,492,72.34982332155477,13.50530035335689,56.91519434628975,9.646643109540637,0.258,2.3545706305377214,13.68199444171559,
6153,Eduardo Escobar,Diamondbacks,3b,609,548,71.2339373970346,22.072487644151565,77.25370675453047,3.0098846787479405,0.248,2.325681681559034,13.602464864527205,
17992,David Fletcher,Angels,"2b, 3b",651,602,79.17567567567568,7.81981981981982,57.671171171171174,7.81981981981982,0.28,2.2670211699502945,13.440975926686676,drafted
7802,Miguel Rojas,Marlins,ss,609,533,64.80912162162161,11.315878378378379,56.57939189189189,10.287162162162163,0.269,2.2457200300201743,13.382335141467285,
14329,Anthony Alford,Pirates,of,504,394,50.630136986301366,10.356164383561643,48.32876712328767,19.561643835616437,0.228,2.243181681220611,13.375347216536724,
11342,Jesus Aguilar,Marlins,1b,581,491,69.92566371681416,25.707964601769913,74.03893805309734,2.056637168141593,0.245,2.2221781490737147,13.317525728038209,
11368,Yasmani Grandal,White Sox,catcher,553,469,75.36460176991152,24.469026548672566,71.4495575221239,2.936283185840708,0.235,2.1695784993093077,13.172721986333842,
12371,Tommy La Stella,NA,"2b, 3b",553,496,72.94474153297682,16.757575757575758,63.0873440285205,2.9572192513368982,0.284,2.1646768606603453,13.159228063464933,
15986,Willy Adames,Rays,ss,567,465,64.67680608365019,19.40304182509506,66.83269961977186,6.467680608365019,0.249,2.1576778785813646,13.13996027750633,
12532,Kolten Wong,NA,2b,518,445,61.06090373280943,10.17681728880157,49.8664047151277,13.229862475442044,0.261,2.1554895262709772,13.13393587232244,
15149,Trey Mancini,Orioles,"1b, of",518,474,68.1578947368421,23.36842105263158,69.13157894736842,1.9473684210526314,0.262,2.119872037777481,13.035883021646226,
17838,Willie Calhoun,Rangers,of,553,495,66.6021897810219,23.209854014598537,72.65693430656934,2.0182481751824817,0.258,2.1116355738779236,13.01320852102862,
12179,Maikel Franco,NA,3b,539,454,65.23611111111111,23.527777777777775,73.79166666666667,2.138888888888889,0.255,2.0917755913746054,12.958535157431252,
12546,C.J. Cron,Tigers,1b,532,457,66.37037037037037,25.925925925925924,74.66666666666666,2.074074074074074,0.242,2.0789725708109215,12.923289194938286,
13367,Stephen Piscotty,Athletics,of,560,476,66.06741573033707,20.973782771535582,71.31086142322097,4.194756554307117,0.249,2.076358465132499,12.91609271577651,
13546,Roman Quinn,Phillies,of,420,313,45.730659025787965,8.42406876790831,40.91690544412607,21.66189111747851,0.23,2.0722625088685644,12.904816789120503,
18568,Luis Arraez,Twins,2b,567,489,67.62385321100918,7.28256880733945,59.300917431192666,5.201834862385321,0.312,2.0566516512395325,12.861841016353521,
12907,Gregory Polanco,Pirates,of,511,419,59.54449152542372,21.652542372881356,63.875,8.6610169491525415,0.229,2.0476672603719734,12.837107516788711,
12282,Rougned Odor,Rangers,2b,504,433,57.510373443983404,24.049792531120332,64.8298755186722,9.410788381742739,0.214,2.0373535579790714,12.808714500789428,
19566,Nate Lowe,Rangers,"1b, dh",532,437,66.23715415019763,23.130434782608695,69.39130434782608,2.102766798418972,0.259,2.0083737460565185,12.72893478326146,
10264,Brandon Belt,Giants,1b,560,473,71.8716577540107,19.964349376114082,68.87700534759358,2.9946524064171123,0.255,2.006831522698284,12.72468913307526,
15112,Ryan McMahon,Rockies,2b,553,461,64.9961464354528,21.310211946050096,68.1926782273603,4.262042389210019,0.25,1.9851684508195782,12.66505197049153,
13590,Jesse Winker,Reds,of,483,393,65.72138228941685,19.8207343412527,62.59179265658748,3.1295896328293735,0.274,1.9705204139639596,12.62472678667724,drafted
22581,Alejandro Kirk,Blue Jays,catcher,461,379,60.60093896713615,16.232394366197184,60.60093896713615,4.328638497652582,0.289,1.9576659139820978,12.589339104374233,
10556,Cesar Hernandez,NA,2b,630,551,73,11,58.00000000000001,7,0.269,1.9426904434192447,12.54811251482473,
19948,Cristian Pache,Braves,of,567,486,61.69981238273921,13.829268292682928,60.6360225140713,9.574108818011258,0.248,1.9214928811638,12.489756872850919,drafted
12037,Jon Berti,Marlins,"of, ss",469,394,51.88053097345133,8.300884955752212,39.429203539823014,18.67699115044248,0.241,1.8936528697391535,12.413114959046597,
14503,Renato Nunez,NA,"3b, dh",546,480,66.85714285714286,25.324675324675322,76.98701298701297,1.012987012987013,0.24,1.8905735090273534,12.404637660145877,
4062,Dexter Fowler,Cardinals,of,595,493,68.17708333333333,18.59375,61.97916666666667,8.26388888888889,0.226,1.8884074628448264,12.398674662419863,
4922,Ender Inciarte,Braves,of,518,389,55.58447488584475,8.2785388127853885,48.48858447488584,15.374429223744292,0.247,1.8626975803197656,12.3278968681744,
19339,Nicky Lopez,Royals,2b,609,510,64.33098591549296,7.505281690140845,56.82570422535211,10.721830985915494,0.262,1.8550526306186832,12.306850771350245,
5254,Robbie Grossman,NA,of,518,425,62.035928143712574,13.441117764471057,53.76447105788423,10.33932135728543,0.251,1.85360621249141,12.30286886732928,
2136,David Peralta,Diamondbacks,of,560,499,64.81012658227849,18.227848101265824,70.8860759493671,2.0253164556962027,0.27,1.8209963489857852,12.21309583132556,
19643,Daniel Johnson Jr.,Indians,of,469,398,54.48519362186788,13.888382687927107,54.48519362186788,10.683371298405469,0.255,1.800752511546821,12.15736573767006,
4940,Jason Heyward,Cubs,of,581,480,67.92266187050359,16.719424460431657,64.78776978417267,5.224820143884892,0.251,1.781120264868071,12.103319317401501,
10231,Jose Iglesias,Angels,ss,560,502,60.25974025974026,10.38961038961039,62.33766233766234,7.272727272727273,0.274,1.7605822716316066,12.046779430138765,
19918,Daulton Varsho,Diamondbacks,"catcher, of",416,334,51.165775401069524,14.459893048128343,50.05347593582888,11.122994652406417,0.257,1.6925094886604914,11.859379062900636,drafted
16622,Luis Urias,Brewers,"2b, ss",602,487,66.76923076923077,14,63.53846153846154,6.461538461538461,0.25,1.678851345733997,11.821778998844168,
6885,Ian Desmond,Rockies,"1b, of",511,397,56.90681818181818,17.420454545454543,60.39090909090909,8.129545454545454,0.243,1.6674270221203498,11.790328507954834,
9368,Evan Longoria,Giants,3b,539,471,61.39189189189189,20.81081081081081,69.71621621621621,3.1216216216216215,0.249,1.6381887148141645,11.709837167841338,
14567,Franchy Cordero,Royals,of,427,358,52.570351758793976,16.092964824120603,54.71608040201005,8.582914572864322,0.26,1.6364936297373667,11.705170698335799,
3410,Ryan Braun,NA,of,441,393,54.87096774193549,18.29032258064516,60.96774193548388,6.096774193548388,0.258,1.6229342840100014,11.667842617156936,
12649,Alex Dickerson,Giants,of,476,402,61.215077605321504,17.942350332594238,62.270509977827054,2.1108647450110865,0.276,1.4945047649538212,11.314283705872864,
19955,Gavin Lux,Dodgers,2b,462,357,56.73684210526316,15.052631578947368,56.73684210526316,6.947368421052631,0.259,1.4428572801465802,11.172101218285873,drafted
8090,Matt Carpenter,Cardinals,"1b, 3b",595,470,72.53533568904594,21.024734982332156,64.12544169611307,4.204946996466431,0.22,1.4358173710467519,11.152720762646345,
18607,Jared Walsh,Angels,1b,497,427,63.42468619246862,21.834728033472803,66.5439330543933,2.079497907949791,0.243,1.3562847501459183,10.933772135695815,
8709,Elvis Andrus,Rangers,ss,441,410,47.46188340807175,9.887892376681615,46.473094170403584,12.854260089686099,0.256,1.352880374140435,10.924400088810131,
15191,Chad Pinder,Athletics,of,525,450,62.07414829659318,19.989979959919843,66.28256513026051,2.104208416833667,0.249,1.2759079914057643,10.712499646928803,
17932,Andrew Stevenson,Nationals,of,518,439,55.19672131147541,8.491803278688526,47.766393442622956,11.676229508196721,0.253,1.2719721717960621,10.701664567062094,
16885,Josh Fuentes,Rockies,1b,546,462,58.34274193548387,15.411290322580644,63.846774193548384,4.403225806451613,0.256,1.2514463725428124,10.645158249117854,
16909,Colin Moran,Pirates,3b,532,443,60.55284552845528,18.382113821138212,65.95934959349593,1.0813008130081303,0.266,1.2411636589310637,10.616850543410216,drafted
11265,Jonathan Schoop,NA,2b,490,433,59.29936305732484,20.806794055201696,65.54140127388536,2.08067940552017,0.249,1.2147231242970706,10.544061306888402,drafted
14103,Rio Ruiz,Orioles,3b,518,436,59.32106339468303,19.06748466257669,62.49897750511248,3.1779141104294477,0.251,1.2059596648999622,10.519936018665774,
16424,Jordan Luplow,Indians,of,455,376,55.69284064665127,16.812933025404156,57.7944572748268,6.3048498845265595,0.246,1.1986761656403964,10.499884973645322,
13369,Erik Gonzalez,Pirates,"2b, ss",532,475,54.03125,10.390625,51.953125,9.3515625,0.254,1.1287082359405771,10.30726737894229,
5343,Brandon Crawford,Giants,ss,588,489,60.93818181818182,14.967272727272729,62.00727272727273,5.345454545454545,0.242,1.1207535262455268,10.285368531075918,
17736,Richie Martin Jr.,Orioles,ss,532,435,52.20041753653445,8.885177453027138,47.75782881002088,14.438413361169102,0.224,1.109160900209048,10.25345471351667,
14225,Yasiel Puig,NA,of,357,314,44.4985835694051,15.169971671388103,49.555240793201136,9.101983002832862,0.254,1.0568259803354563,10.109379757629371,
9774,Christian Vazquez,Red Sox,catcher,464,404,53.417607223476296,14.663656884875847,55.512415349887135,6.284424379232505,0.255,1.040235545798852,10.063707267258012,drafted
9927,Brett Gardner,NA,of,476,393,55.8141592920354,13.690265486725664,51.60176991150443,8.424778761061948,0.24,0.9857817945432762,9.913799293213252,
11609,Willson Contreras,Cubs,catcher,463,382,57.613122171945705,17.80769230769231,60.755656108597286,3.1425339366515836,0.251,0.9698770332784757,9.870014421025449,
4579,Starlin Castro,Nationals,2b,483,412,53.06502242152466,14.078475336322871,60.6457399103139,3.2488789237668163,0.271,0.9347053025895051,9.773188715364048,
10071,Jonathan Villar,NA,"2b, ss",315,289,38.888888888888886,7.777777777777778,31.11111111111111,16.52777777777778,0.253,0.9346916096578297,9.773151019528612,
8623,Donovan Solano,Giants,2b,595,541,63.059829059829056,8.136752136752136,58.99145299145299,3.051282051282051,0.282,0.9230553154698404,9.741116986116971,
14593,David Bote,Cubs,"2b, 3b",490,379,57.44827586206897,16.896551724137932,56.32183908045977,5.632183908045977,0.238,0.9188154519752253,9.72944489132003,
15194,Jake Bauers,Indians,"1b, of",420,338,51.0379746835443,14.88607594936709,51.0379746835443,8.506329113924052,0.24,0.912157130665707,9.711114924420887,
16375,Oscar Mercado,Indians,of,378,337,44.83018867924528,9.169811320754716,39.735849056603776,13.245283018867925,0.25,0.8991342353580912,9.675263659691685,
15518,Amed Rosario,Mets,ss,385,305,43.166666666666664,9.333333333333334,43.166666666666664,10.5,0.27,0.8854623258948583,9.637625697169373,
15730,Tyler Wade,Yankees,2b,441,361,49,8.71111111111111,43.55555555555555,13.066666666666666,0.237,0.8422442929553545,9.518648994724153,
17321,Michael Chavis,Red Sox,"1b, 2b",448,377,53.588516746411486,19.291866028708135,58.94736842105263,4.287081339712919,0.238,0.8274718032376535,9.477981199501304,drafted
16221,Bradley Zimmer,Indians,of,476,393,51.45945945945946,12.864864864864865,50.387387387387385,10.72072072072072,0.224,0.8143301129353826,9.44180289913976,
19352,Sean Murphy,Athletics,catcher,448,357,56.137592137592144,18.71253071253071,57.23832923832924,3.3022113022113024,0.245,0.767601074204914,9.313160604281764,
7739,Travis d'Arnaud,Braves,catcher,448,402,54.364044943820225,18.121348314606742,59.39775280898877,2.013483146067416,0.257,0.7456922355113625,9.252846860113634,drafted
27461,Shogo Akiyama,Reds,of,420,335,51.40625,9.84375,41.5625,8.75,0.264,0.7038836814728338,9.137750370172274,
17766,D.J. Stewart,Orioles,of,406,333,50.35658914728682,17.834625322997415,51.405684754521964,5.24547803617571,0.245,0.640525948469693,8.963330258140099,
5452,Ji-Man Choi,Rays,"1b, dh",462,389,57.49781659388646,17.148471615720524,57.49781659388646,3.0262008733624453,0.244,0.6217981222775413,8.91177365426994,
20036,Isaac Paredes,Tigers,3b,462,372,54.28776978417267,13.29496402877698,53.17985611510792,3.323741007194245,0.267,0.5666166248315917,8.759862237771678,
23378,Jose  Garcia,Reds,ss,490,415,49.10913140311804,9.82182628062361,50.20044543429844,8.730512249443207,0.245,0.5382254394467656,8.68170297447698,
19958,Carter Kieboom,Nationals,3b,518,414,56.469601677148844,14.117400419287211,55.38364779874214,4.343815513626835,0.245,0.5231351444129803,8.640160279913383,
15223,Adam Frazier,Pirates,"2b, of",476,430,55.53333333333333,9.916666666666666,45.61666666666667,5.95,0.265,0.5002196470463899,8.577075263633594,
14130,Daniel Vogelbach,Brewers,"1b, dh",448,340,57.7712895377129,20.710462287104622,59.95133819951339,1.0900243309002433,0.236,0.48779055655076264,8.542858708622102,
16578,Yandy Diaz,Rays,3b,497,431,59.284294234592444,10.86878727634195,51.37972166998012,2.964214711729622,0.27,0.46883502922544595,8.490675256926526,
13744,David Dahl,Rangers,of,455,415,50,15,52,6,0.237,0.3874024386949838,8.266496125348548,
13853,Joey Wendle,Rays,2b,399,348,42.71279373368146,7.292428198433421,40.62924281984334,10.4177545691906,0.259,0.359392917582381,8.189387561344441,
17696,Kevin Newman,Pirates,ss,392,318,42.804597701149426,5.632183908045977,36.04597701149425,10.137931034482758,0.275,0.33803235707187196,8.13058319476257,
18316,Edwin Rios,Dodgers,"1b, 3b",455,358,54.276649746192895,20.78680203045685,60.0507614213198,2.309644670050761,0.223,0.3312103709966273,8.11180266839072,drafted
11442,Gary Sanchez,Yankees,catcher,384,328,52.08510638297872,24.51063829787234,60.25531914893617,1.0212765957446808,0.222,0.3094469957855397,8.051889376633138,
14553,Nomar Mazara,NA,of,420,362,50.14925373134328,16.71641791044776,56.417910447761194,2.08955223880597,0.253,0.3007484498889844,8.027942791459092,
1177,Albert Pujols,Angels,"1b, dh",434,386,50.39336492890995,17.48341232227488,57.59241706161138,2.056872037914692,0.247,0.2846471691228152,7.98361691264399,
5827,Wilmer Flores,Giants,"1b, 2b, 3b",378,293,47.10280373831776,15.30841121495327,50.63551401869158,1.1775700934579438,0.279,0.23702204958330186,7.85250776002933,drafted
7007,Yadier Molina,NA,catcher,478,424,49.87826086956522,13.508695652173913,54.03478260869565,3.117391304347826,0.257,0.21257894731360577,7.785217337310401,
19703,Jake Noll,Nationals,1b,490,411,49.77426636568849,12.167042889390519,51.98645598194131,4.424379232505643,0.254,0.20374610696295908,7.760901047403915,
3086,Mitch Moreland,NA,1b,427,363,52.85679611650485,20.728155339805824,59.0752427184466,1.0364077669902911,0.232,0.19025880345102586,7.723771294206358,
15124,Tim Locastro,Diamondbacks,of,364,282,41.95638629283489,6.803738317757009,34.018691588785046,12.473520249221183,0.247,0.18189032949072792,7.700733377656832,
20391,Luis Garcia,Nationals,2b,420,345,42.22826086956522,6.8478260869565215,43.369565217391305,6.8478260869565215,0.278,0.1351776892547692,7.572136226889604,
3892,Josh Reddick,NA,of,434,365,49.05159705159706,12.796068796068797,50.11793611793612,3.199017199017199,0.263,0.120608258929435,7.532027442229272,
15941,Austin Nola,Padres,"1b, catcher",491,415,55.486140724946694,12.562899786780383,55.486140724946694,2.093816631130064,0.253,0.10833690052646583,7.49824511439051,drafted
19514,Andrew Knizner,Cardinals,catcher,435,375,48.450363196125906,12.639225181598064,50.55690072639226,3.159806295399516,0.263,0.09527025253804183,7.462273401104731,
10950,Adam Duvall,NA,of,392,333,48.60377358490566,21.132075471698116,57.05660377358491,1.0566037735849056,0.233,0.02470559464289601,7.268013048781624,drafted
19197,Will Smith,Dodgers,catcher,378,311,49.76470588235294,19.058823529411764,52.94117647058824,2.1176470588235294,0.236,0.0026664537535501798,7.207340590333307,drafted
19878,Adam Haseley,Phillies,of,441,329,48.19672131147541,10.844262295081966,48.19672131147541,4.819672131147541,0.255,-0.006808699738420064,7.181256050131883,
20220,Jo Adell,Angels,of,441,372,47.442542787286065,14.017114914425429,51.75550122249389,5.39119804400978,0.232,-0.012583369930266153,7.165358722780213,drafted
17982,Ty France,Mariners,"2b, 3b",441,379,49.116113744075825,14.630331753554504,52.25118483412322,2.0900473933649293,0.254,-0.042342235677899076,7.083434315898494,
17714,Christin Stewart,Tigers,of,448,383,52.2837528604119,18.45308924485126,55.359267734553775,1.0251716247139588,0.237,-0.05404821158628248,7.051208452809532,
14894,Tony Kemp,Athletics,"2b, of",406,334,44.992084432717675,6.427440633245383,37.4934036939314,9.641160949868073,0.251,-0.062107230123923385,7.029022448835321,
3174,Shin-Soo Choo,NA,"dh, of",392,351,50.54987834549879,12.39902676399027,37.1970802919708,7.630170316301704,0.234,-0.1140539463195338,6.886016194837993,
19698,Edward Olivares,Royals,of,329,281,35.59672131147541,8.62950819672131,36.675409836065576,9.708196721311475,0.256,-0.12133126444855302,6.86598216610634,
11902,Hanser Alberto,NA,"2b, 3b",420,394,46.10978520286396,8.01909307875895,42.10023866348449,4.009546539379475,0.281,-0.14746232267266024,6.794044899936445,
15279,Garrett Cooper,Marlins,1b,441,364,49.720588235294116,14.051470588235293,51.88235294117647,1.0808823529411764,0.256,-0.23043342346942192,6.565630340095948,
11602,Yolmer Sanchez,Orioles,"2b, 3b",490,398,49.32885906040268,7.67337807606264,46.04026845637584,6.577181208053691,0.243,-0.23298218237494334,6.558613756756042,
785,Todd Frazier,NA,3b,413,347,47.974747474747474,16.68686868686869,52.14646464646465,3.128787878787879,0.228,-0.2654002012013327,6.469368857869276,
12775,Brad Miller,NA,"2b, ss",406,332,49.56363636363636,15.818181818181818,50.61818181818182,3.1636363636363636,0.23,-0.2899685085711912,6.401733752874606,
sa3007033,Wander Franco,Rays,ss,420,358,42.63959390862944,7.461928934010153,40.50761421319797,8.527918781725887,0.241,-0.36587853333732057,6.192757919989027,drafted
15161,Mitch Garver,Twins,catcher,364,317,48,15,47.00000000000001,2,0.246,-0.42950121520199525,6.017608419326275,
11489,Michael A. Taylor,Royals,of,336,278,37.090909090909086,9.818181818181818,37.090909090909086,9.818181818181818,0.232,-0.43727989016150226,5.996194184731867,
14773,Yu-Cheng Chang,Indians,"3b, ss",448,371,49.41966426858513,12.892086330935253,48.34532374100719,4.2973621103117505,0.228,-0.4521328973404211,5.955304729674609,
9166,Buster Posey,Giants,catcher,481,420,51.061571125265395,9.19108280254777,49.01910828025478,2.0424628450106157,0.256,-0.513851056059495,5.785398269200923,
5930,Nick Markakis,NA,of,413,351,46.93181818181818,8.343434343434344,45.888888888888886,2.085858585858586,0.271,-0.5224046911185507,5.7618506150383455,
sa3004378,Drew Waters,NA,of,357,278,39.79672131147541,8.193442622950819,38.62622950819672,7.022950819672132,0.252,-0.5259480167996782,5.752096047869124,
13329,Jake Lamb,NA,3b,399,319,48.1367292225201,16.0455764075067,48.1367292225201,3.2091152815013406,0.224,-0.5301731817791442,5.74046441721977,
16535,Danny Jansen,Blue Jays,catcher,397,316,47.98901098901099,14.178571428571427,47.98901098901099,2.1813186813186816,0.24,-0.5536800068657245,5.675751510510832,
24618,Ryan Jeffers,Twins,catcher,320,261,41.931034482758626,12.137931034482758,41.931034482758626,2.206896551724138,0.268,-0.568205325210694,5.635764163537622,
14477,Jake Cave,Twins,of,392,331,45.80434782608696,11.717391304347826,46.869565217391305,3.1956521739130435,0.245,-0.5817033929959057,5.598604776928921,
12859,James McCann,Mets,catcher,435,388,45.843091334894616,14.262295081967213,50.93676814988291,3.0562060889929743,0.228,-0.6007405988448238,5.546196469062488,
sa3004174,Chas McCormick,Astros,of,378,314,41.526760563380286,8.51830985915493,38.332394366197185,7.453521126760564,0.239,-0.6408802907275951,5.4356942584675645,
16725,Jose Trevino,Rangers,catcher,457,396,45.162352941176465,9.67764705882353,46.237647058823534,4.301176470588235,0.242,-0.6531129314066506,5.402018518245224,
sa3007741,Jarred Kelenic,NA,of,329,280,36.200647249190936,10.64724919093851,37.26537216828479,7.453074433656958,0.238,-0.7109937375714832,5.242676063626742,drafted
9892,Jay Bruce,NA,of,336,285,41.20754716981132,16.90566037735849,47.54716981132076,2.1132075471698113,0.233,-0.7405376418910545,5.161343432911687,
1433,Wilson Ramos,NA,catcher,320,276,38.69281045751634,11.503267973856207,41.830065359477125,1.0457516339869282,0.278,-0.7467288008672237,5.144299536436116,
11680,Elias Diaz,Rockies,catcher,365,309,40.794117647058826,8.588235294117647,40.794117647058826,2.1470588235294117,0.277,-0.7684937843782512,5.084381817123405,
10472,Enrique Hernandez,NA,"2b, of",343,286,43.13803680981595,13.677914110429448,43.13803680981595,2.104294478527607,0.249,-0.7707057044252632,5.078292531346925,
13110,Yoenis Cespedes,NA,of,350,299,41.1144578313253,15.813253012048193,45.33132530120482,3.1626506024096384,0.227,-0.8456755841331749,4.871904862503968,
sa912848,Yusniel Diaz,Orioles,of,336,279,38.4,9.6,36.266666666666666,5.333333333333333,0.25,-0.9040055380842268,4.711325930450483,
4220,Ryan Zimmerman,NA,1b,329,279,39.94249201277955,13.664536741214057,43.095846645367416,2.1022364217252396,0.247,-0.9279901106571211,4.6452978130145155,
9627,Yan Gomes,Nationals,catcher,384,322,41.6,13.866666666666665,44.8,2.1333333333333333,0.237,-0.993912444488936,4.463817505759873,
15711,Tyler O'Neill,Cardinals,of,301,212,35.71186440677966,15.305084745762713,40.813559322033896,3.826271186440678,0.232,-1.0153121315962217,4.404905425958639,
10059,Max Stassi,Angels,catcher,397,320,45.55737704918033,14.101092896174862,46.642076502732245,2.169398907103825,0.224,-1.0332585906925076,4.355499879740629,
4962,Asdrubal Cabrera,NA,"2b, 3b, ss",364,312,41.6,12.48,44.72,1.04,0.25,-1.0449240660655836,4.323385512242984,
5497,Marwin Gonzalez,NA,"1b, of",385,326,43.12841530054645,11.57103825136612,44.18032786885246,1.0519125683060109,0.251,-1.0637321993165305,4.271607827763907,
13620,Carson Kelly,Diamondbacks,catcher,384,307,44.60056657223796,13.053824362606234,44.60056657223796,1.0878186968838528,0.241,-1.0759351530529293,4.238013813948409,
15905,Luis Torrens,Mariners,catcher,384,324,39.687150837988824,9.653631284916202,40.75977653631285,2.1452513966480447,0.254,-1.2027229278957488,3.8889745279105292,
4316,Daniel Murphy,NA,"1b, 2b",329,290,38.27987421383648,11.380503144654087,41.38364779874214,1.0345911949685536,0.258,-1.2096710126490096,3.86984685929567,
13265,Mike Zunino,Rays,catcher,410,334,44.94652406417112,17.540106951871657,49.331550802139034,2.192513368983957,0.197,-1.2307767076758458,3.811744122398262,
19627,Brent Rooker,Twins,"dh, of",287,244,36.79487179487179,12.615384615384617,39.94871794871795,2.1025641025641026,0.247,-1.2422560329625363,3.780142215138432,
6887,Martin Maldonado,Astros,catcher,435,352,46.25316455696203,13.215189873417721,47.35443037974684,2.2025316455696204,0.21,-1.3438611059184966,3.5004294260596707,
11982,Travis Shaw,NA,3b,336,274,40.025078369905955,13.692789968652036,42.13166144200626,2.1065830721003134,0.228,-1.3561735652936053,3.4665339496623124,
13359,Tyler Naquin,NA,of,280,239,31.35135135135135,9.72972972972973,34.5945945945946,3.243243243243243,0.26,-1.385061804935004,3.387006325237756,
19262,Garrett Hampson,Rockies,"2b, of",238,165,26.153846153846153,5.230769230769231,23.538461538461537,9.153846153846155,0.252,-1.4097717849304239,3.3189812038386,
10200,Tucker Barnhart,Reds,catcher,410,331,44.120734908136484,10.761154855643044,41.968503937007874,2.152230971128609,0.229,-1.4331771237922948,3.2545476827365087,
13723,Jacob Stallings,Pirates,catcher,384,318,39.05084745762712,8.677966101694915,39.05084745762712,2.169491525423729,0.25,-1.4489323163507708,3.211174564399057,
9776,Jason Kipnis,NA,2b,350,295,39.006024096385545,10.542168674698795,39.006024096385545,3.1626506024096384,0.23,-1.5299605326309538,2.9881086513453767,
16153,Austin Slater,Giants,of,259,182,30.833333333333332,7.3999999999999995,27.133333333333333,6.166666666666666,0.25,-1.534303499183553,2.9761527198946918,
8202,Josh Harrison,Nationals,2b,315,240,32.461832061068705,7.213740458015267,32.461832061068705,4.809160305343512,0.25,-1.5505198766007147,2.9315099867698,
6609,Freddy Galvis,NA,ss,357,310,37.6891495601173,9.422287390029325,37.6891495601173,3.140762463343109,0.236,-1.5964681381192776,2.8050171256481087,
27459,Yoshitomo Tsutsugo,Rays,"3b, dh, of",280,230,36.02941176470588,13.38235294117647,37.05882352941177,1.0294117647058822,0.239,-1.6812380672271128,2.571650497280657,
14691,Harold Castro,Tigers,"2b, of",343,317,32.56973293768546,5.089020771513353,31.551928783382788,4.071216617210682,0.26,-1.6861769941391909,2.558053922016818,
14738,Phillip Ervin,Cubs,of,287,207,32.83474576271186,7.296610169491526,30.402542372881353,6.080508474576271,0.234,-1.7036787567806282,2.5098725989803907,
2151,Edwin Encarnacion,NA,"1b, dh",294,250,36.622837370242216,15.259515570934255,40.69204152249135,1.0173010380622838,0.223,-1.707613687334283,2.4990399666326817,
5631,Matt Kemp,NA,of,308,263,34.92783505154639,12.70103092783505,38.103092783505154,1.0584192439862543,0.235,-1.8166328986822868,2.1989164906864125,
10816,Jedd Gyorko,NA,3b,245,204,31.41025641025641,11.517094017094017,32.45726495726496,2.094017094017094,0.245,-1.8433491408143432,2.1253682476405165,
15767,Jose Marmolejos,Mariners,"dh, of",329,284,33.961290322580645,10.612903225806452,37.14516129032258,1.0612903225806452,0.245,-1.8497233548068264,2.1078204114729746,
14942,Andrew Knapp,Phillies,catcher,435,348,44.66992665036675,9.572127139364303,40.41564792176039,2.1271393643031784,0.215,-1.868824400509737,2.055236356243785,
9054,Justin Smoak,NA,1b,308,257,37.61056105610561,13.214521452145215,39.64356435643565,1.0165016501650166,0.223,-1.882292767084478,2.0181587353203807,
15654,Billy McKinney,Brewers,of,266,193,32.01851851851852,11.083333333333332,33.25,2.462962962962963,0.239,-1.885491451712356,2.0093529446977514,
16542,Shed Long,Mariners,2b,280,240,30.298507462686565,8.35820895522388,29.25373134328358,5.223880597014925,0.235,-1.8865140611016442,2.006537761202535,
12180,Jorge Alfaro,Marlins,catcher,333,288,32.77142857142857,10.571428571428571,34.885714285714286,3.1714285714285717,0.23,-1.89714046081116,1.977283907884574,
17016,Rusney Castillo,NA,"dh, of",266,232,27.663999999999998,5.32,27.663999999999998,4.256,0.262,-1.9062752515045558,1.9521363664462839,
15482,Aristides Aquino,Reds,of,231,161,28.55056179775281,12.97752808988764,33.741573033707866,2.595505617977528,0.233,-1.932252025856527,1.8806238347008573,
15082,Adam Engel,White Sox,of,294,242,32.05263157894737,6.63157894736842,30.94736842105263,5.526315789473684,0.231,-1.933421130990076,1.8774053570390872,
12858,Brian Goodwin,NA,of,266,225,30.37007874015748,8.377952755905511,30.37007874015748,5.2362204724409445,0.23,-1.9436933440495814,1.849126558734096,
11339,Jake Marisnick,NA,of,259,217,29.259414225941423,8.669456066945607,30.343096234309623,5.418410041841004,0.227,-1.988154933958268,1.7267264171031236,
19734,Josh Rojas,Diamondbacks,of,203,152,23.6046511627907,4.720930232558139,20.063953488372093,7.0813953488372094,0.251,-2.0801506086851322,1.4734677360903445,
sa873674,Ronnie Dawson,NA,of,308,260,30.906574394463668,7.460207612456747,29.84083044982699,8.525951557093427,0.197,-2.0958504738774266,1.4302469307374404,
18353,Daz Cameron,Tigers,of,259,212,27.09205020920502,6.502092050209205,26.00836820083682,6.502092050209205,0.232,-2.0968594862997723,1.4274691788923946,
11379,Delino DeShields,NA,of,231,190,24.59722222222222,3.208333333333333,20.319444444444446,9.625,0.231,-2.1041691357366386,1.40734614397208,
2900,Roberto Perez,Indians,catcher,378,306,39.96,11.88,41.04,1.08,0.21,-2.1202463129726246,1.3630866207577192,
14885,Pat Valaika,Orioles,"2b, ss",280,239,30.270270270270274,10.81081081081081,33.513513513513516,2.1621621621621623,0.232,-2.1632115059258106,1.2448059719218894,
16434,Christian Arroyo,Red Sox,"2b, 3b",238,198,28.255707762557076,7.607305936073059,28.255707762557076,2.17351598173516,0.257,-2.1686806451111567,1.229749753458701,
3711,Eric Thames,NA,1b,280,227,33.81132075471698,11.622641509433961,34.867924528301884,2.1132075471698113,0.22,-2.1820405316284246,1.1929707717523406,
10322,Danny Santana,NA,of,231,212,26,8,26,6,0.228,-2.188809883341069,1.1743351446845893,
14523,Pedro Severino,Orioles,catcher,271,235,29.88212927756654,9.273764258555133,30.912547528517113,2.0608365019011408,0.243,-2.189321561885008,1.172926523751864,
14968,Victor Caratini,Cubs,"1b, catcher",277,193,30.4954128440367,7.623853211009175,30.4954128440367,1.2706422018348624,0.256,-2.196297411867177,1.1537224190950686,
8259,Kurt Suzuki,NA,catcher,250,217,29.166666666666668,9.375,31.25,1.0416666666666667,0.251,-2.2169826707159452,1.0967771182643422,
16426,Thairo Estrada,Yankees,2b,273,235,28.905882352941177,7.4941176470588236,28.905882352941177,4.2823529411764705,0.234,-2.218017030579616,1.093929586404355,
13338,Omar Narvaez,Brewers,catcher,303,238,32.93478260869565,8.782608695652174,32.93478260869565,1.0978260869565217,0.243,-2.2290464211266574,1.0635663230160284,
4866,Jarrod Dyson,NA,of,210,184,23.333333333333332,3.0434782608695654,17.246376811594203,10.144927536231885,0.228,-2.241220711249144,1.0300512184435369,
12950,Phillip Evans,Pirates,3b,259,187,28.502392344497608,6.196172248803828,27.26315789473684,2.478468899521531,0.257,-2.2570984687643056,0.9863406859900328,
17907,Brendan Rodgers,Rockies,"2b, ss",189,131,21.295774647887324,6.654929577464789,23.95774647887324,2.6619718309859155,0.27,-2.2869705003164382,0.9041047403053379,drafted
8203,Dee Gordon,NA,2b,203,174,19.540106951871657,1.085561497326203,17.36898395721925,7.598930481283422,0.262,-2.2976765575919322,0.8746315943939782,
10542,Derek Dietrich,NA,"2b, of",259,212,30.909465020576132,9.592592592592592,31.975308641975307,2.131687242798354,0.231,-2.3258519904391077,0.7970662851441075,
17922,Isan Diaz,Marlins,2b,273,234,28.954545454545457,9.306818181818182,28.954545454545457,3.1022727272727275,0.229,-2.3897679785427797,0.6211093296587044,
17548,Taylor Ward,Angels,"3b, of",231,187,26.86046511627907,7.52093023255814,26.86046511627907,3.223255813953488,0.24,-2.4361033943478785,0.49355065555996186,
15694,Chance Sisco,Orioles,catcher,303,249,33.43448275862069,9.403448275862068,33.43448275862069,1.0448275862068965,0.229,-2.444944366585334,0.46921197904743744,
17710,Matt Beaty,Dodgers,"1b, of",217,143,26.09493670886076,6.867088607594937,26.09493670886076,1.3734177215189873,0.261,-2.452380166044608,0.4487416605360242,
10953,Phil Gosselin,NA,2b,287,239,29.131578947368418,5.394736842105263,28.052631578947366,2.1578947368421053,0.249,-2.500649982066202,0.31585769642951905,
19334,Yadiel Hernandez,Nationals,dh,224,154,24.601156069364162,7.76878612716763,25.895953757225435,2.5895953757225434,0.247,-2.502511054443545,0.31073427364953893,
15794,Yonathan Daza,Rockies,of,154,104,16.5,2.75,16.5,2.75,0.295,-2.5155176377788546,0.2749279148205688,
15274,Mike Tauchman,Yankees,of,231,188,26.73611111111111,5.347222222222222,24.59722222222222,4.277777777777778,0.239,-2.528381942055947,0.2395132418695145,
5517,Kyle Higashioka,Yankees,catcher,256,217,30.244725738396625,11.881856540084389,33.48523206751055,1.080168776371308,0.219,-2.551679060914473,0.1753776440707493,
5223,Cameron Maybin,NA,of,224,182,23.806763285024154,4.328502415458937,22.72463768115942,5.4106280193236715,0.24,-2.5518164948334374,0.17499929657618862,
7927,Eric Sogard,NA,2b,266,235,30,5,24,3,0.246,-2.5576828885550613,0.1588494597425414,
17929,Cedric Mullins II,Orioles,of,182,158,20.8,4.16,18.72,6.24,0.245,-2.5588996734642464,0.1554997224631376,
3353,Matt Joyce,NA,of,266,211,31.104838709677416,8.580645161290322,30.032258064516128,1.0725806451612903,0.236,-2.5690175351040008,0.12764584453722572,
5000,Stephen Vogt,Diamondbacks,catcher,260,203,28.761061946902657,8.053097345132743,29.911504424778762,2.3008849557522124,0.23,-2.595153565831323,0.055694889358479605,
5913,Leury Garcia,White Sox,of,210,203,24.082568807339452,3.853211009174312,19.26605504587156,3.853211009174312,0.257,-2.6451689103964635,-0.08199441215025988,
15937,Aledmys Diaz,Astros,ss,210,179,24.51776649746193,7.461928934010153,26.6497461928934,1.065989847715736,0.253,-2.663240256270244,-0.13174376432043233,
7996,Jose Martinez,NA,"1b, of",210,178,24.950495049504948,6.237623762376237,24.950495049504948,1.0396039603960396,0.259,-2.6919605153535766,-0.21080894814984152,
14109,Albert Almora Jr.,NA,of,210,182,22.272727272727273,5.303030303030303,23.333333333333332,2.1212121212121215,0.26,-2.6997229708054755,-0.23217853139389277,
15170,Josh VanMeter,Diamondbacks,"2b, of",189,127,22.3125,5.25,21,3.9375,0.248,-2.699843538500102,-0.23251044716498204,
14950,Johan Camargo,Braves,3b,210,137,23.486842105263158,6.907894736842105,24.86842105263158,1.381578947368421,0.254,-2.7312534251499803,-0.31898001747170585,
sa3006786,Jarren Duran,NA,of,119,102,13.8125,2.125,12.75,5.3125,0.274,-2.760253530437768,-0.39881560144043887,
19997,Santiago Espinal,Blue Jays,ss,203,169,21.945945945945947,3.291891891891892,19.751351351351353,3.291891891891892,0.26,-2.791503797679906,-0.4848457489070314,
13499,Tom Murphy,Mariners,catcher,274,238,28.344827586206897,10.49808429118774,31.49425287356322,2.099616858237548,0.208,-2.846806898240961,-0.6370919316280526,
5491,Austin Romine,NA,catcher,250,212,26.08695652173913,6.521739130434782,28.26086956521739,1.0869565217391304,0.242,-2.8538185838133465,-0.6563946895567374,
12160,Ben Gamel,NA,of,224,185,24.417061611374407,4.246445497630332,21.232227488151658,3.184834123222749,0.245,-2.9051960048532424,-0.7978337074783333,
19892,Pavin Smith,Diamondbacks,"1b, of",175,126,21.099290780141843,4.964539007092198,19.858156028368793,1.2411347517730495,0.267,-2.9158788883128732,-0.8272430572377867,
sa3006673,Owen Miller,NA,ss,203,174,22.436842105263157,3.205263157894737,21.36842105263158,2.136842105263158,0.261,-2.917532682098275,-0.8317958542470119,
15055,Dom Nunez,Rockies,catcher,224,184,25.599999999999998,7.466666666666667,24.53333333333333,3.1999999999999997,0.223,-2.9319270118717484,-0.871422597388102,
9810,Brian Dozier,NA,2b,224,182,25.47867298578199,8.492890995260664,26.540284360189574,2.123222748815166,0.225,-2.9366100584096593,-0.8843147490336452,
17750,Max Schrock,Cubs,2b,217,148,21.300613496932517,2.6625766871165646,19.969325153374232,3.993865030674847,0.25,-2.936645265852819,-0.8844116730536373,
14813,Kyle Farmer,Reds,"2b, 3b",237,180,23.939393939393938,5.984848484848484,25.136363636363637,2.393939393939394,0.237,-2.9490770476166657,-0.9186356369682271,
17684,Vimael Machin,Athletics,3b,224,184,24.769230769230766,3.230769230769231,21.53846153846154,2.153846153846154,0.255,-2.949876369921927,-0.920836124255652,
12977,Michael Perez,Pirates,catcher,256,208,26.369098712446352,6.592274678111588,26.369098712446352,2.1974248927038627,0.23,-2.9512769095009292,-0.9246917273319641,
17022,Edmundo Sosa,Cardinals,2b,231,175,23.22222222222222,4.888888888888888,23.22222222222222,2.444444444444444,0.245,-2.9590421837970378,-0.9460690706883113,
sa3004259,Royce Lewis,NA,ss,168,145,18.075949367088608,4.253164556962025,18.075949367088608,4.253164556962025,0.246,-3.0225391228650813,-1.1208724088285715,drafted
16403,Francisco Mejia,Padres,catcher,209,156,23.358823529411765,6.147058823529411,24.588235294117645,1.2294117647058824,0.244,-3.04789813757261,-1.190684284611651,
11936,Joe Panik,NA,2b,210,178,22.98507462686567,4.17910447761194,19.850746268656717,2.08955223880597,0.253,-3.049880094333257,-1.1961404949880203,
9929,Darin Ruf,Giants,"1b, of",175,122,20.143884892086334,6.294964028776978,21.402877697841728,1.2589928057553958,0.254,-3.050847883886233,-1.1988047626985667,
17062,Grayson Greiner,Tigers,catcher,288,236,29.233082706766915,7.578947368421052,29.233082706766915,1.0827067669172932,0.22,-3.0816019108624615,-1.283468789903714,
8722,Jason Castro,NA,catcher,282,225,30.25287356321839,8.64367816091954,30.25287356321839,1.0804597701149425,0.212,-3.0875966422311816,-1.2999719327305437,
18032,Mark Mathias,Brewers,of,210,151,21.124260355029588,3.727810650887574,21.124260355029588,3.727810650887574,0.236,-3.1550216301848164,-1.4855889583911386,
5409,Pablo Sandoval,NA,"1b, 3b",161,139,18.941176470588236,7.366013071895424,22.098039215686278,1.0522875816993464,0.247,-3.163781544558967,-1.509704487374094,
14352,Lewis Brinson,Marlins,of,231,159,22.3125,6.5625,23.625,3.9374999999999996,0.216,-3.164810525056621,-1.5125372101558712,
17023,Magneuris Sierra,Marlins,of,154,110,14.23529411764706,1.2941176470588234,12.941176470588236,6.470588235294118,0.246,-3.1777113068542953,-1.5480523035753515,
13897,Tyler Heineman,NA,catcher,205,171,21.57894736842105,4.315789473684211,20.5,2.1578947368421053,0.246,-3.197932084386351,-1.6037189146635993,
17273,Jorge Mateo,Padres,"2b, of",189,129,18.900000000000002,4.05,18.900000000000002,5.3999999999999995,0.225,-3.2054322997832507,-1.6243665664621223,
12510,Curt Casali,NA,catcher,192,156,21.573033707865168,6.47191011235955,21.573033707865168,2.157303370786517,0.234,-3.230617065420283,-1.6936987448040708,
sa917943,Taylor Trammell,Mariners,of,217,180,21.274509803921568,4.254901960784314,19.147058823529413,5.318627450980392,0.219,-3.2369578900722575,-1.7111546620812708,drafted
19683,Mike Brosseau,Rays,"2b, 3b",161,141,18.576923076923077,5.16025641025641,19.608974358974358,2.064102564102564,0.248,-3.2415577818942753,-1.7238178936854145,
17326,Cole Tucker,Pirates,"of, ss",182,132,18.571428571428573,3.714285714285714,17.333333333333332,3.714285714285714,0.243,-3.2415758668170094,-1.7238676804138824,
9345,Brock Holt,NA,"2b, of",238,194,23.69230769230769,4.307692307692308,21.538461538461537,2.153846153846154,0.238,-3.2545975184267704,-1.7597155213160485,
12976,Austin Hedges,Indians,catcher,198,164,22.846153846153847,8.703296703296704,23.934065934065934,2.175824175824176,0.216,-3.28680037043567,-1.8483680786111372,
17161,Chad Wallach,Marlins,catcher,294,246,27.796363636363637,7.483636363636364,27.796363636363637,2.138181818181818,0.206,-3.2887410652670015,-1.8537106973232735,
5667,Steven Souza Jr.,NA,of,161,130,19.06578947368421,6.355263157894736,19.06578947368421,3.177631578947368,0.231,-3.2925079082991413,-1.8640805946117525,
sa3008376,Trevor Larnach,NA,of,140,118,17.099236641221374,4.2748091603053435,17.099236641221374,1.0687022900763359,0.264,-3.3111488612122115,-1.9153980414547924,
10199,Billy Hamilton,NA,of,154,126,15.290780141843973,1.0921985815602837,12.01418439716312,8.73758865248227,0.22,-3.311737262121138,-1.9170178745452493,
17988,Tyler Stephenson,Reds,"catcher, dh",192,164,21.794594594594596,5.1891891891891895,21.794594594594596,1.037837837837838,0.244,-3.321883218039913,-1.9449490943687,
19968,Jared Oliva,Pirates,of,119,77,12.6,2.8,12.6,4.2,0.256,-3.338563761985,-1.9908696506410568,
18067,Garrett Stubbs,Astros,"catcher, of",214,182,22.02941176470588,4.196078431372549,19.93137254901961,4.196078431372549,0.221,-3.355082508256965,-2.0363447874368195,
18288,Austin Dean,Cardinals,of,126,77,14.823529411764707,4.447058823529412,14.823529411764707,1.4823529411764707,0.265,-3.362205262369985,-2.055953310524428,
16451,Luis Guillorme,Mets,"2b, 3b",203,130,20.436241610738254,2.7248322147651005,17.711409395973153,2.7248322147651005,0.246,-3.3673436257046783,-2.0700989225281727,
21524,Joey Bart,Giants,catcher,173,147,18.381249999999998,5.40625,19.462500000000002,1.08125,0.25,-3.375837506518452,-2.093482076768442,
3142,Robinson Chirinos,NA,catcher,256,204,27.96638655462185,8.605042016806722,26.89075630252101,1.0756302521008403,0.208,-3.380197941980529,-2.1054860990993376,
12158,Austin Barnes,Dodgers,catcher,211,164,24.05181347150259,4.373056994818653,20.7720207253886,3.2797927461139897,0.221,-3.410187846881441,-2.188046543179496,
13807,Kevin Plawecki,Red Sox,catcher,179,150,20.124260355029588,4.236686390532545,20.124260355029588,1.0591715976331362,0.248,-3.433763026953939,-2.2529476271437856,
9205,Logan Morrison,NA,1b,154,126,19.384615384615387,7.538461538461538,21.53846153846154,1.0769230769230769,0.233,-3.4436061308971544,-2.280045113293343,
7476,Alex Avila,NA,catcher,243,183,27.242152466367713,7.62780269058296,25.062780269058297,2.179372197309417,0.202,-3.4733852192326795,-2.3620251917699653,
16192,Derek Fisher,Blue Jays,of,154,125,19.25,6.416666666666666,18.180555555555554,3.208333333333333,0.223,-3.475707674271966,-2.368418773878118,
13836,Matt Duffy,Cubs,3b,168,122,17.043478260869566,2.4347826086956523,15.82608695652174,2.4347826086956523,0.253,-3.487948621001055,-2.40211738016761,
18395,Travis Blankenhorn,Twins,2b,133,115,14.896,4.256,15.959999999999999,2.128,0.25,-3.527129764808331,-2.509980764295877,
13593,Jose Peraza,NA,"2b, ss",119,77,12.903614457831326,2.8674698795180724,11.46987951807229,2.8674698795180724,0.26,-3.5301972323283657,-2.518425321939267,
15585,Mike Ford,Yankees,"1b, dh",126,103,16.941176470588236,6.352941176470589,18,1.0588235294117647,0.244,-3.531633538967476,-2.52237938962811,
18795,Ramon Urias,Orioles,"2b, ss",154,129,17.11111111111111,4.277777777777778,17.11111111111111,1.0694444444444444,0.253,-3.540692511698972,-2.5473182086771704,
19635,Sheldon Neuse,Athletics,2b,196,165,20.68888888888889,4.355555555555556,19.6,1.088888888888889,0.242,-3.543693667782135,-2.555580214835526,
sa829562,Josh Palacios,Blue Jays,of,154,129,16.99310344827586,3.1862068965517243,14.86896551724138,3.1862068965517243,0.242,-3.5521950074768927,-2.578983902936388,
2829,Manny Pina,Brewers,catcher,181,143,19.23125,5.65625,20.3625,1.13125,0.237,-3.5552437116980755,-2.587376806321762,
21646,Rafael Marchan,Phillies,catcher,160,137,17.066666666666666,3.2,16,2.1333333333333333,0.246,-3.620353098411792,-2.7666191179807003,
13675,Tyrone Taylor,Brewers,of,168,108,18.508474576271187,5.694915254237288,19.93220338983051,1.423728813559322,0.233,-3.6223403888051955,-2.7720900115343037,
13324,Ildemaro Vargas,Cubs,2b,126,92,14,2.545454545454546,12.727272727272727,1.272727272727273,0.266,-3.645487258552204,-2.835811982367245,
16448,Jacob Nottingham,Brewers,catcher,212,152,22.579881656804734,6.272189349112426,22.579881656804734,2.5088757396449703,0.208,-3.654206009670392,-2.8598141913279047,
8418,Ehire Adrianza,NA,"3b, ss",189,157,19.329545454545457,3.2215909090909087,18.255681818181817,2.147727272727273,0.236,-3.6628162327832943,-2.883517629074012,
9134,Tyler Flowers,NA,catcher,237,190,24.89041095890411,6.493150684931506,23.80821917808219,1.0821917808219177,0.213,-3.6720870983651372,-2.909039776675792,
5486,Abraham Almonte,Braves,of,175,119,19.16058394160584,3.832116788321168,16.605839416058394,3.832116788321168,0.221,-3.6773924657185333,-2.923645140919259,
19392,Zach McKinstry,Dodgers,"2b, dh, of",154,97,15.981132075471699,2.9056603773584904,15.981132075471699,2.9056603773584904,0.239,-3.6856378140980928,-2.9463440999876926,
17276,Alex Jackson,Braves,catcher,196,145,21.91304347826087,8.521739130434783,24.34782608695652,1.217391304347826,0.207,-3.6881350546895146,-2.9532188564393724,
sa3004615,Jeter Downs,NA,ss,112,95,12.799999999999999,3.1999999999999997,12.799999999999999,3.1999999999999997,0.246,-3.688287191387286,-2.953637679819119,drafted
18171,Seth Brown,Athletics,of,189,162,20.174157303370787,5.308988764044944,21.235955056179776,2.1235955056179776,0.219,-3.7102022504587597,-3.013968548321766,
14137,Tim Lopes,Brewers,of,105,79,10.862068965517242,1.206896551724138,9.655172413793103,3.6206896551724137,0.257,-3.7289864133328097,-3.065680243763267,
19577,Nick Heath,Royals,"dh, of",119,100,11.6875,1.0625,10.625,7.4375,0.22,-3.7361305737668937,-3.08534769719357,
16930,Jonah Heim,Athletics,catcher,154,129,16.267605633802816,3.2535211267605635,16.267605633802816,1.0845070422535212,0.25,-3.746998023025615,-3.115265145741108,
13854,Anthony Bemboom,Angels,catcher,224,183,22.946341463414633,5.463414634146342,21.853658536585368,2.1853658536585368,0.21,-3.7543470396841174,-3.135496556306868,
16623,Greg Allen,Padres,of,147,92,14.271844660194175,2.8543689320388346,12.844660194174757,4.281553398058253,0.232,-3.7544853806936906,-3.135877400968517,
5227,Jon Jay,NA,of,168,146,16.8,2.1,14.7,1.05,0.256,-3.76297581396616,-3.159251064330374,
19844,Abraham Toro,Astros,3b,140,116,16.030534351145036,4.2748091603053435,17.099236641221374,1.0687022900763359,0.244,-3.7683050245480985,-3.1739220675794746,
11470,Tony Wolters,NA,catcher,243,195,23.973094170403584,3.269058295964126,20.704035874439462,1.0896860986547086,0.228,-3.7716824314404516,-3.1832198700831293,
14388,Ronald Guzman,Rangers,1b,168,136,18.545454545454543,5.454545454545454,18.545454545454543,1.090909090909091,0.231,-3.796743942576743,-3.252212736034803,
16729,Brian O'Grady,Padres,of,140,82,16.559139784946236,4.516129032258064,16.559139784946236,3.0107526881720434,0.224,-3.8046968265534074,-3.2741065578058546,
16939,Lane Thomas,Cardinals,of,126,83,13.548387096774194,4.064516129032258,14.903225806451614,2.709677419354839,0.236,-3.8140409236203086,-3.299830307378265,
19346,Eli White,Rangers,of,175,144,17.5,3.28125,15.312499999999998,3.28125,0.226,-3.8279270647443377,-3.338058037060886,
sa915732,Ernie Clement,Indians,ss,112,96,10.666666666666666,1.0666666666666669,9.6,3.1999999999999997,0.255,-3.870497161048286,-3.455251008062345,
sa857840,Kyle Holder,Phillies,ss,182,131,17.694444444444446,2.5277777777777777,16.430555555555554,2.5277777777777777,0.231,-3.879111651818263,-3.47896619441734,
15958,Travis Demeritte,Tigers,of,140,117,15.909090909090908,5.303030303030303,16.96969696969697,1.0606060606060606,0.235,-3.8819805804283427,-3.4868641861203846,
19977,Tres Barrera,Nationals,catcher,166,145,16.6,4.15,16.6,1.0375,0.239,-3.8879092695005797,-3.503185518389837,
18126,LaMonte Wade Jr.,Twins,of,119,96,13.8125,2.125,11.6875,2.125,0.25,-3.901278820811062,-3.5399911067033996,
14387,Harold Ramirez,Marlins,of,119,73,12.050632911392405,3.0126582278481013,12.050632911392405,1.5063291139240507,0.253,-3.928925813075785,-3.616101650114519,
sa875069,Ka'ai Tom,Athletics,of,154,129,16.99310344827586,4.248275862068965,15.931034482758621,2.1241379310344826,0.227,-3.9384485635154123,-3.6423172219130233,
15104,Jonathan Davis,Blue Jays,of,126,104,13.88135593220339,3.203389830508475,12.8135593220339,3.203389830508475,0.232,-3.9426062637104278,-3.6537631259793013,
18721,Guillermo Heredia,Mets,of,168,112,17.19685039370079,3.968503937007874,15.874015748031496,2.6456692913385824,0.223,-3.9427624722414363,-3.6541931588764314,
15878,Miguel Andujar,Yankees,3b,84,73,10.632911392405063,3.189873417721519,11.69620253164557,0,0.268,-3.94505424478161,-3.6605022738693798,
17171,Yasmany Tomas,NA,of,140,96,14.807692307692308,5.384615384615385,17.5,1.3461538461538463,0.23,-3.945589296082363,-3.661975238626747,
16417,Sergio Alcantara,Tigers,"2b, 3b",140,115,14.108527131782946,2.1705426356589146,11.937984496124031,2.1705426356589146,0.246,-3.953202034898016,-3.6829326607780732,
16313,Yairo Munoz,NA,"of, ss",77,66,9.625,2.138888888888889,8.555555555555555,2.138888888888889,0.259,-3.971520665050605,-3.733362772021673,
13755,Tomas Nido,Mets,catcher,186,158,18.383720930232556,5.406976744186046,19.46511627906977,1.0813953488372092,0.221,-3.9840028671311134,-3.7677255401021306,
20454,Jasrado Chisholm,Marlins,"2b, ss",147,108,14.700000000000001,4.9,15.925,3.6750000000000003,0.212,-3.9885380326835422,-3.7802105840935223,
12981,Cam Gallagher,Royals,catcher,147,120,15.35820895522388,3.291044776119403,14.261194029850747,1.0970149253731343,0.243,-3.9944679916732655,-3.7965354123711137,
19452,Jake Rogers,Tigers,catcher,192,156,20.610169491525422,6.508474576271187,20.610169491525422,1.0847457627118644,0.21,-4.001804155872576,-3.816731440872746,
17719,Steven Duggar,Giants,of,147,128,14.492957746478872,2.0704225352112675,12.422535211267606,3.1056338028169015,0.234,-4.006408017201637,-3.829405600296279,
sa3004170,Austin Listi,NA,of,126,95,14.130841121495328,4.710280373831775,14.130841121495328,1.1775700934579438,0.237,-4.03484744686062,-3.90769767723983,
10459,Adeiny Hechavarria,NA,ss,140,119,14,3.230769230769231,14,1.076923076923077,0.244,-4.039649414528123,-3.9209172117597797,
4298,Matt Wieters,NA,catcher,179,150,19.178571428571427,5.327380952380952,19.178571428571427,1.0654761904761905,0.216,-4.081192730889026,-4.035283517976858,
15674,Reese McGuire,Blue Jays,catcher,154,128,16.382978723404257,4.368794326241135,16.382978723404257,1.0921985815602837,0.229,-4.084851224602039,-4.045355135963268,
16524,Ryan McBroom,Royals,"1b, of",112,95,12.799999999999999,3.1999999999999997,12.799999999999999,1.0666666666666669,0.245,-4.10965431480879,-4.113636584297145,
sa873984,C.J. Chatham,Red Sox,ss,105,92,10.606060606060606,1.0606060606060608,10.606060606060606,1.0606060606060608,0.26,-4.1325803956845455,-4.176750736355109,
16442,Ryan O'Hearn,Royals,1b,140,117,16.71641791044776,5.223880597014925,17.761194029850746,0,0.23,-4.134931116343684,-4.183222132052032,
16042,Mark Payton,Reds,of,119,63,13.6,3.4,13.6,1.7,0.234,-4.147238517665701,-4.217103683926763,
14555,Wyatt Mathisen,Diamondbacks,3b,140,87,15.4,4.2,15.4,1.4000000000000001,0.226,-4.174949207492435,-4.293389582979182,
7185,Logan Forsythe,NA,2b,175,141,18.140243902439025,3.201219512195122,16.006097560975608,1.0670731707317074,0.225,-4.223019301516466,-4.42572372417475,
19956,Mickey Moniak,Phillies,of,133,93,13.03921568627451,2.607843137254902,13.03921568627451,2.607843137254902,0.227,-4.230179882256317,-4.445436381740928,
sa917996,Khalil Lee,Royals,of,77,63,8.555555555555555,2.138888888888889,7.486111111111112,3.208333333333333,0.24,-4.246521962834704,-4.4904251682743705,
11400,Ronald Torreyes,NA,"2b, 3b, ss",105,73,10.769230769230768,1.346153846153846,10.769230769230768,1.346153846153846,0.249,-4.274207708259592,-4.566642396855828,
15519,Franklin Barreto,Angels,"2b, ss",112,96,12.799999999999999,4.2666666666666675,12.799999999999999,2.1333333333333337,0.223,-4.282106686692388,-4.588387819835525,
sa828662,Nick Gordon,Twins,ss,77,66,8.555555555555555,1.0694444444444444,7.486111111111112,2.138888888888889,0.252,-4.2846282675489284,-4.595329583605295,
6547,Jordy Mercer,Yankees,ss,140,115,14.21875,3.28125,14.21875,1.09375,0.231,-4.289262889480419,-4.608088425157869,
15608,Willians Astudillo,Twins,catcher,26,23,3.12,1.04,3.12,0,0.287,-4.306469686548131,-4.6554577253207485,
16925,Aramis Garcia,Rangers,"1b, catcher",192,165,18.03314917127072,5.303867403314917,19.093922651933703,1.0607734806629834,0.206,-4.337208938000124,-4.740081076376822,
15407,Nate Orf,Athletics,"2b, ss",126,103,12.8135593220339,2.135593220338983,10.677966101694915,2.135593220338983,0.232,-4.34845238755432,-4.771033631620139,
15490,Justin Williams,Cardinals,of,77,44,7.857142857142858,3.142857142857143,9.428571428571429,1.5714285714285714,0.243,-4.359861762074435,-4.802442968534338,
22217,Luis Campusano,Padres,dh,80,51,8.571428571428571,2.8571428571428568,8.571428571428571,0,0.258,-4.3704768847695865,-4.8316657768951075,
7539,Neil Walker,NA,"1b, 2b",119,101,12.417391304347825,3.1043478260869564,12.417391304347825,1.0347826086956522,0.234,-4.38197734600253,-4.863325870171682,
19181,Zack Collins,White Sox,"catcher, dh",141,111,16.962406015037594,5.300751879699248,15.902255639097744,1.0601503759398496,0.21,-4.409206611168629,-4.938286435452472,
17278,Bobby Bradley,Indians,"1b, dh",98,82,12.923076923076923,5.384615384615384,14,0,0.229,-4.4147455282331975,-4.953534748312579,
19552,Jaylin Davis,Giants,of,77,51,8.25,2.75,9.625,1.375,0.242,-4.429401220388661,-4.9938810067170305,
18365,Lewin Diaz,Marlins,1b,98,65,9.8,4.2,12.599999999999998,0,0.24,-4.444164242344997,-5.034522737749769,
9433,Dustin Garneau,NA,catcher,128,103,14.222222222222221,4.3760683760683765,14.222222222222221,1.0940170940170941,0.219,-4.44945538930827,-5.049088954095718,
sa914200,Lucius Fox,Royals,ss,91,76,9.635294117647058,1.0705882352941176,7.4941176470588236,3.211764705882353,0.232,-4.464557624995257,-5.090664520575191,
18889,Danny Mendick,White Sox,2b,84,69,9.818181818181818,2.181818181818182,8.727272727272728,1.090909090909091,0.244,-4.466205072974638,-5.095199847953723,
13608,Mallex Smith,NA,of,70,48,7.777777777777778,1.2962962962962963,5.185185185185185,3.888888888888889,0.232,-4.469224926486773,-5.103513327034189,
sa3011642,JJ Bleday,NA,of,175,151,16.006097560975608,4.2682926829268295,16.006097560975608,2.1341463414634148,0.203,-4.470336315032373,-5.1065729143244285,
16429,Jason Martin,NA,of,84,71,8.50632911392405,2.1265822784810124,8.50632911392405,2.1265822784810124,0.237,-4.477547977845834,-5.126426197834426,
6876,Mark Trumbo,NA,"dh, of",105,89,11.785714285714286,4.285714285714286,12.857142857142858,1.0714285714285714,0.224,-4.492359278529565,-5.167200837363757,
19858,Luis Rengifo,Angels,2b,70,56,7.777777777777778,1.1111111111111112,6.666666666666666,2.2222222222222223,0.243,-4.511940948845724,-5.2211080238811824,
19909,Anderson Tejeda,Rangers,ss,70,59,7.65625,2.1875,7.65625,2.1875,0.237,-4.522309446137124,-5.249651887012801,
17468,Kelvin Gutierrez,Royals,3b,84,71,8.50632911392405,2.1265822784810124,8.50632911392405,1.0632911392405062,0.244,-4.530243697172543,-5.271494413392661,
9393,Matt Adams,NA,1b,98,84,11.717391304347826,5.326086956521739,13.847826086956522,0,0.225,-4.55152688883742,-5.330085788093616,
15402,Jack Mayfield,Braves,ss,105,68,11.351351351351353,2.837837837837838,11.351351351351353,1.418918918918919,0.227,-4.555804481911446,-5.341861750203288,
14196,Andrew Velazquez,NA,"of, ss",98,83,9.692307692307692,2.153846153846154,9.692307692307692,3.230769230769231,0.219,-4.560205572301261,-5.353977693158779,
12758,Breyvic Valera,Blue Jays,2b,56,47,6.339622641509434,1.0566037735849056,5.283018867924529,1.0566037735849056,0.253,-4.62709154981129,-5.538110854774623,
19287,Adolis Garcia,Rangers,of,105,92,10.606060606060606,4.242424242424243,11.666666666666666,2.1212121212121215,0.212,-4.636139271637047,-5.563018700742002,
10951,Greg Garcia,NA,"2b, 3b",119,97,12.526315789473683,1.043859649122807,9.394736842105262,1.043859649122807,0.235,-4.638929771889827,-5.570700783790831,
7870,Jonathan Lucroy,NA,catcher,128,110,12.59016393442623,3.1475409836065573,12.59016393442623,0,0.23,-4.644054555404209,-5.5848090113480735,
11287,Bryan Holaday,NA,catcher,96,81,9.600000000000001,2.1333333333333333,9.600000000000001,1.0666666666666667,0.234,-4.6600219096929445,-5.628766198448826,
10030,Chris Owings,NA,"of, ss",119,100,11.9,2.1636363636363636,11.9,2.1636363636363636,0.216,-4.663482625951239,-5.6382933467363685,
16953,Chad Tromp,Giants,catcher,77,64,8.67605633802817,2.1690140845070425,8.67605633802817,1.0845070422535212,0.236,-4.678335132905731,-5.679181424705204,
3648,Rene Rivera,NA,catcher,96,83,10.434782608695652,4.173913043478261,11.478260869565219,1.0434782608695652,0.22,-4.689255226375674,-5.709243799669517,
3411,Drew Butera,NA,catcher,141,116,14.100000000000001,3.253846153846154,13.015384615384615,1.0846153846153848,0.213,-4.719546509465724,-5.792633920176243,
19533,Taylor Jones,Astros,"1b, dh",105,86,11.785714285714286,3.2142857142857144,11.785714285714286,0,0.228,-4.738435547131429,-5.844634329750067,
sa915864,Kevin Smith,NA,ss,77,67,8.555555555555555,2.138888888888889,8.555555555555555,2.138888888888889,0.224,-4.74341153978832,-5.858332944829038,
19521,Andy Young,Diamondbacks,"2b, 3b, dh",77,54,8.836065573770492,2.5245901639344264,8.836065573770492,0,0.24,-4.756776975960846,-5.8951272044098735,
19318,Matt Thaiss,Angels,3b,91,74,9.75,2.1666666666666665,9.75,1.0833333333333333,0.228,-4.76918645848729,-5.929289779835615,
16271,Alex Blandino,Reds,"2b, 3b",147,103,15.793388429752067,2.4297520661157024,12.148760330578513,1.2148760330578512,0.211,-4.778293996141666,-5.954362295260601,
3256,Welington Castillo,NA,catcher,90,79,9.418604651162791,3.13953488372093,10.465116279069766,0,0.232,-4.792698191434337,-5.9940161975957205,
9272,Chris Davis,Orioles,1b,161,132,16.1,6.44,17.173333333333336,1.0733333333333335,0.186,-4.798621132494332,-6.010321705925589,
4616,Russell Martin,NA,catcher,128,101,13.866666666666667,3.2,12.8,1.0666666666666667,0.21,-4.80650134043194,-6.032015454836182,
16285,Michael Hermosillo,NA,of,98,81,9.58695652173913,3.1956521739130435,10.652173913043478,2.130434782608696,0.211,-4.815943436659826,-6.058008990334127,
14453,Scott Heineman,Reds,of,42,25,4.5,1.5,4.5,1.5,0.241,-4.85223496914849,-6.157917444479388,
17098,Dustin Fowler,Athletics,of,56,49,6.339622641509434,2.1132075471698113,6.339622641509434,1.0566037735849056,0.235,-4.877614019969566,-6.227784478504469,
19610,Keibert Ruiz,Dodgers,catcher,51,44,5.3125,1.0625,5.3125,0,0.252,-4.8808798482532065,-6.236775111661786,drafted
17806,Braden Bishop,Mariners,of,112,93,10.76923076923077,2.153846153846154,9.692307692307692,1.076923076923077,0.22,-4.9056279645522345,-6.304905220061463,
16404,Domingo Leyba,NA,2b,28,24,3.230769230769231,1.076923076923077,3.230769230769231,0,0.257,-4.924824535787132,-6.357752251461064,
16852,John Nogowski,Cardinals,1b,35,15,4.117647058823529,0,4.117647058823529,0,0.256,-4.971661538985208,-6.486691766147532,
sa830303,Micker Adolfo,White Sox,of,77,65,8.555555555555555,2.138888888888889,8.555555555555555,1.0694444444444444,0.222,-4.9860873020226375,-6.526405043215279,
14556,Max Moroff,Cardinals,"2b, ss",105,74,10.988372093023257,2.441860465116279,9.767441860465116,1.2209302325581395,0.213,-4.990978317758898,-6.539869721830398,
15535,Joseph Odom,NA,catcher,166,139,14.104575163398694,3.2549019607843137,14.104575163398694,1.084967320261438,0.198,-4.993696509703356,-6.547352744359845,
17423,Yermin Mercedes,White Sox,dh,32,28,4.129032258064516,1.032258064516129,4.129032258064516,0,0.25,-5.010665944785622,-6.594068600939259,
18063,Kyle Garlick,Phillies,of,105,55,12.25,3.5,12.25,0,0.212,-5.01683956482408,-6.611064213751017,
21794,Sherten Apostel,Rangers,"1b, 3b",84,70,8.615384615384615,2.1538461538461537,8.615384615384615,1.0769230769230769,0.22,-5.021085436039903,-6.622752847451047,
17738,Chris Shaw,Orioles,of,42,35,5.526315789473684,2.2105263157894735,5.526315789473684,0,0.24,-5.021525131000441,-6.623963301812998,
15564,Tyler White,Blue Jays,1b,56,46,6.461538461538462,2.153846153846154,6.461538461538462,0,0.237,-5.021781897552781,-6.624670165027676,
5751,Hernan Perez,Cubs,of,42,36,4.3076923076923075,1.0769230769230769,4.3076923076923075,1.0769230769230769,0.239,-5.0227326716886305,-6.627287590295778,
17216,Monte Harrison,Marlins,of,77,56,7.451612903225806,2.4838709677419355,7.451612903225806,2.4838709677419355,0.21,-5.02320369126309,-6.628584279477232,
sa917953,Akil Baddoo,Tigers,of,126,107,11.745762711864407,3.203389830508475,11.745762711864407,2.135593220338983,0.195,-5.033771933820305,-6.657678029575918,
20040,Jorge Ona,Padres,dh,77,41,8.555555555555555,1.7111111111111112,8.555555555555555,0,0.23,-5.054620747220961,-6.715073586467137,
20332,Luis Gonzalez,White Sox,"dh, of",35,30,4.242424242424242,1.0606060606060606,4.242424242424242,1.0606060606060606,0.237,-5.073821041506181,-6.767930867205272,
7216,Cesar Puello,NA,of,28,23,3.230769230769231,1.076923076923077,3.230769230769231,0,0.248,-5.113649719026135,-6.877576873554322,
19913,Jesus Sanchez,Marlins,of,35,20,3.181818181818182,1.590909090909091,3.181818181818182,0,0.246,-5.116288691539349,-6.884841809649522,
5273,Sandy Leon,NA,catcher,102,84,9.76595744680851,2.1702127659574466,9.76595744680851,1.0851063829787233,0.211,-5.124077641954285,-6.906284331968287,
20275,Jonathan Arauz,Red Sox,2b,28,24,3.230769230769231,1.076923076923077,3.230769230769231,0,0.246,-5.155610870857025,-6.993093456241713,
13151,Jose Briceno,Rockies,catcher,51,44,5.3125,1.0625,5.3125,1.0625,0.228,-5.185002401446448,-7.074006611040832,
sa828703,Marcus Wilson,Red Sox,of,49,41,5.326086956521739,1.065217391304348,5.326086956521739,1.065217391304348,0.227,-5.204267087355673,-7.127041158132108,
19314,Donnie Walton,Mariners,"2b, ss",35,29,3.28125,0,3.28125,1.09375,0.238,-5.204322638124861,-7.127194086131991,
10028,Christian Bethancourt,NA,catcher,45,40,5.232558139534883,2.0930232558139537,5.232558139534883,0,0.23,-5.262300902215619,-7.286804836687727,
20503,William Contreras,Braves,catcher,38,33,4.222222222222222,1.0555555555555556,4.222222222222222,0,0.236,-5.295734635854648,-7.37884593870576,
14973,Zach Green,NA,3b,56,47,6.461538461538462,2.153846153846154,7.538461538461538,0,0.222,-5.296699964774259,-7.381503432437393,
19151,Estevan Florial,Yankees,of,49,41,5.326086956521739,1.065217391304348,5.326086956521739,1.065217391304348,0.222,-5.309169966932897,-7.415832614850587,
15189,Dustin Peterson,Brewers,of,35,31,3.181818181818182,1.0606060606060606,4.242424242424242,0,0.237,-5.310137069374523,-7.418494990984004,
11338,Adrian Sanchez,NA,"2b, 3b",28,14,1.8666666666666667,0,1.8666666666666667,0,0.247,-5.322736147553347,-7.45317951208806,
sa922180,Alfredo Rodriguez,NA,ss,49,43,4.260869565217392,0,4.260869565217392,1.065217391304348,0.229,-5.327892417401198,-7.467374419669205,
6589,Sean Rodriguez,NA,of,70,57,7.538461538461539,2.153846153846154,7.538461538461539,1.076923076923077,0.209,-5.329495792608726,-7.471788417299339,
17109,Meibrys Viloria,Royals,catcher,51,42,5.425531914893617,1.0851063829787233,4.340425531914893,0,0.232,-5.330552346471062,-7.474697047932122,
22209,Samuel Huff,Rangers,catcher,26,22,3.25,1.0833333333333333,3.25,0,0.237,-5.342515493640413,-7.507630888374806,
sa829822,Stuart Fairchild,Diamondbacks,of,28,24,3.230769230769231,1.076923076923077,3.230769230769231,0,0.237,-5.344436054096027,-7.512918078334969,
18083,Austin Allen,Athletics,catcher,38,32,4.222222222222222,1.0555555555555556,4.222222222222222,0,0.233,-5.358676363600982,-7.552120812736844,
sa736690,Luis Barrera,Athletics,of,14,12,1.076923076923077,0,1.076923076923077,0,0.248,-5.358679854070451,-7.552130421793971,
sa914242,Omar Estevez,NA,ss,49,42,5.326086956521739,1.065217391304348,4.260869565217392,0,0.23,-5.3806046969298515,-7.612488224489262,
sa828682,Forrest Wall,Blue Jays,of,21,18,2.1,0,2.1,1.05,0.234,-5.381599842612055,-7.615227802014388,
sa918048,Luke Raley,Dodgers,of,49,28,4.741935483870968,1.5806451612903225,4.741935483870968,0,0.228,-5.382342357661575,-7.61727190226836,
18872,Jahmai Jones,Angels,2b,28,24,3.230769230769231,0,2.153846153846154,1.076923076923077,0.231,-5.397773964067766,-7.659754206963051,
15156,Ian Miller,NA,of,28,24,3.230769230769231,0,2.153846153846154,1.076923076923077,0.231,-5.397773964067766,-7.659754206963051,
sa3008377,Cal Raleigh,NA,catcher,45,39,5.232558139534883,2.0930232558139537,5.232558139534883,0,0.223,-5.409164933623733,-7.691112876093593,
16947,Derek Hill,Tigers,"dh, of",21,19,2.1,0,2.1,1.05,0.232,-5.423560994442945,-7.730744384701778,
9308,Josh Phegley,NA,catcher,64,53,6.620689655172414,2.206896551724138,6.620689655172414,0,0.217,-5.425499122435901,-7.736079937058857,
sa881850,Ronaldo Hernandez,Rays,catcher,64,57,6.295081967213115,2.098360655737705,6.295081967213115,1.0491803278688525,0.209,-5.428950473929213,-7.745581304699268,
sa873982,Nick Banks,NA,of,21,18,2.1,0,2.1,0,0.24,-5.452781640970026,-7.811187105729274,
19267,Will Craig,NA,1b,35,19,3.333333333333333,1.6666666666666665,3.333333333333333,0,0.229,-5.45572151372758,-7.819280402497127,
13473,Dwight Smith Jr.,NA,of,14,12,2,0,2,0,0.24,-5.459989585823498,-7.831030153914125,
sa829712,DJ Peters,Dodgers,of,77,37,9.166666666666666,1.8333333333333333,9.166666666666666,0,0.208,-5.46195531058743,-7.836441678558361,
13356,Bubba Starling,NA,of,28,24,3.230769230769231,1.076923076923077,3.230769230769231,0,0.231,-5.470319509588696,-7.8594678263971405,
sa873287,Zack Short,Tigers,ss,49,40,5.326086956521739,1.065217391304348,4.260869565217392,1.065217391304348,0.216,-5.474411487723691,-7.8707328014981845,
sa873978,Connor Wong,Red Sox,catcher,32,28,3.096774193548387,1.032258064516129,4.129032258064516,0,0.229,-5.487522359736493,-7.906826260921664,
12225,Scott Schebler,NA,of,49,41,5.326086956521739,2.130434782608696,5.326086956521739,0,0.218,-5.5042073428754605,-7.952759038033645,
15988,Deivy Grullon,Reds,catcher,26,22,3.25,1.0833333333333333,3.25,0,0.229,-5.51036010096397,-7.969697219124366,
sa875055,Ryan McKenna,Orioles,of,14,12,1.076923076923077,0,1.076923076923077,0,0.24,-5.526524461394009,-8.014196752543533,
18054,Sam Haggerty,Mariners,of,42,36,4.097560975609756,1.024390243902439,3.0731707317073167,1.024390243902439,0.218,-5.530559523550458,-8.02530504130364,
16411,Richard Urena,Blue Jays,"2b, ss",28,24,3.230769230769231,0,2.153846153846154,0,0.234,-5.536950445399009,-8.04289887321612,
3448,Jeff Mathis,NA,catcher,96,79,8.827586206896552,2.206896551724138,7.724137931034482,1.103448275862069,0.193,-5.603635202743662,-8.226478087553165,
7949,Tim Beckham,NA,ss,14,12,1.076923076923077,0,2.153846153846154,0,0.234,-5.612617345376484,-8.251205397859993,
sa917932,Blake Rutherford,White Sox,of,7,6,1,0,1,0,0.234,-5.657952489850886,-8.376010383824818,
sa919320,Alex De Goti,NA,ss,14,12,1.076923076923077,0,1.076923076923077,0,0.233,-5.673388492802122,-8.418504791949397,
9284,Chris Herrmann,NA,catcher,64,52,6.4,2.1333333333333333,6.4,0,0.205,-5.699306120304979,-8.48985449589844,
7087,Caleb Joseph,NA,catcher,64,55,5.333333333333333,1.0666666666666667,6.4,0,0.211,-5.699822820732884,-8.491276941782317,
sa876186,Nick Maton,Phillies,ss,28,24,3.230769230769231,0,2.153846153846154,0,0.225,-5.725775628638012,-8.562723495309378,
17839,Luis Alexander Basabe,Giants,of,28,17,2.9473684210526314,0,2.9473684210526314,0,0.224,-5.727393007121931,-8.567176043135694,
sa736940,Jose Siri,NA,of,35,30,3.181818181818182,1.0606060606060606,3.181818181818182,1.0606060606060606,0.209,-5.737725067099704,-8.59561959648627,
sa918429,Jack Kruger,NA,catcher,19,17,2.111111111111111,0,2.111111111111111,0,0.226,-5.7457088210247544,-8.61759840140935,
sa857820,Kramer Robertson,NA,ss,21,17,2.1,0,2.1,0,0.226,-5.746509703786252,-8.619803184541002,
sa828871,Troy Stokes Jr.,Tigers,of,14,12,1.076923076923077,0,1.076923076923077,0,0.228,-5.778291372379345,-8.70729624866787,
13355,Luke Maile,Brewers,catcher,77,62,6.6,1.0999999999999999,6.6,1.0999999999999999,0.194,-5.795375307097547,-8.754327316009745,
sa738419,Stephen Wrenn,Astros,of,21,18,2.1,0,2.1,1.05,0.214,-5.80121136092095,-8.77039362888829,
sa875573,P.J. Higgins,NA,catcher,19,16,2.111111111111111,0,2.111111111111111,0,0.223,-5.808650548771089,-8.790873275440436,
13167,Robel Garcia,Mets,2b,28,10,2.5454545454545454,2.5454545454545454,2.5454545454545454,0,0.211,-5.816898006969925,-8.813578042717232,
sa3004977,Greg Deichmann,Athletics,of,28,24,3.230769230769231,1.076923076923077,3.230769230769231,1.076923076923077,0.204,-5.834676850228126,-8.86252215239275,
12384,Beau Taylor,Indians,catcher,64,51,6.508474576271187,1.0847457627118644,5.423728813559322,0,0.204,-5.839967302521068,-8.877086456352142,
15271,Austin Wynns,NA,catcher,13,11,1.0833333333333333,0,1.0833333333333333,0,0.225,-5.8407710523786625,-8.879299132430695,
18551,Ali Sanchez,Mets,catcher,13,11,1.0833333333333333,0,1.0833333333333333,0,0.224,-5.861751628294107,-8.937057423774391,
14111,Eric Haase,Tigers,catcher,32,27,3.2,1.0666666666666667,4.266666666666667,0,0.207,-5.937514614602067,-9.145628468433951,
14735,Brett Phillips,Rays,of,28,23,3.230769230769231,1.076923076923077,3.230769230769231,1.076923076923077,0.198,-5.9605603057207945,-9.20907190045492,
sa827167,Patrick Mazeika,Mets,catcher,6,5,1,0,1,0,0.217,-6.014622280413447,-9.357901336667634,
18887,Seby Zavala,White Sox,catcher,19,16,2.111111111111111,1.0555555555555556,2.111111111111111,0,0.207,-6.056339062086956,-9.47274518268647,
sa829382,KJ Harrison,NA,catcher,21,8,2.625,0,2.625,0,0.209,-6.065337783868085,-9.49751813441334,
sa3002857,Tucupita Marcano,Padres,ss,21,18,2.1,0,1.05,0,0.209,-6.141975301571251,-9.70849671256088,
17723,Skye Bolt,Athletics,of,14,12,1.076923076923077,0,1.076923076923077,0,0.209,-6.1769223147727965,-9.804703784198079,
sa738510,Corey Ray,Brewers,of,14,12,1.076923076923077,0,1.076923076923077,0,0.206,-6.23986404251913,-9.977978658229162,
sa3006714,Nick Fortes,NA,catcher,13,11,1.0833333333333333,0,1.0833333333333333,0,0.188,-6.617052361250118,-11.01635591214741,
