Name,Team,position,playerid,IP,ERA,WHIP,SV,W,K,marginal_total_points,dollar_value,status,auction_value,NFBC_ADP,salary
Jacob deGrom,Mets,pitcher,10954,186.5,2.84,1.03,0,14,242,14.48,23.63999999999996,drafted,46.50280293970663,6.3,27
Gerrit Cole,Yankees,pitcher,13125,196.5,3.28,1.08,0,15,259,14.25,23.219999999999963,drafted,45.67661100930575,6.22,33
Shane Bieber,Indians,pitcher,19427,194,3.18,1.07,0,14,242,13.76,22.339999999999964,drafted,43.94554220275153,9.39,17
Max Scherzer,Nationals,pitcher,3137,176,3.5,1.11,0,13,224,11.47,18.189999999999962,drafted,35.781979080933304,28.82,42
Trevor Bauer,NA,pitcher,12703,201,3.74,1.19,0,13,241,11.3,17.88999999999996,drafted,35.191841987789815,16.28,12
Clayton Kershaw,Dodgers,pitcher,2036,171.5,3.31,1.12,0,13,180,10.47,16.369999999999962,drafted,32.20181404919615,34.8,28
Aaron Nola,Phillies,pitcher,16149,187,3.62,1.2,0,13,215,10.42,16.279999999999962,drafted,32.0247729212531,22.39,30
Yu Darvish,Padres,pitcher,13074,176.5,3.55,1.15,0,12,211,10.41,16.259999999999962,drafted,31.985430448376874,17.14,24
Lucas Giolito,White Sox,pitcher,15474,174,3.59,1.17,0,12,217,10.21,15.899999999999967,drafted,31.2772659366047,18.45,14
Jack Flaherty,Cardinals,pitcher,17479,174,3.6,1.17,0,12,202,9.84,15.229999999999976,drafted,29.95929309525093,30.57,11
Walker Buehler,Dodgers,pitcher,19374,162.5,3.42,1.12,0,11,189,9.67,14.929999999999984,drafted,29.36915600210746,20.09,15
Luis Castillo,Reds,pitcher,15689,177,3.62,1.23,0,12,204,9.31,14.269999999999996,drafted,28.070854397191816,27.37,17
Edwin Diaz,Mets,pitcher,14710,56,2.88,1.09,33,3,87,8.99,13.680000000000007,drafted,26.91025144734298,82.39,29
Josh Hader,Brewers,pitcher,14212,60.5,2.98,1.04,30,3,96,8.86,13.460000000000008,drafted,26.477484245704428,58.49,13
Lance Lynn,White Sox,pitcher,2520,187.5,4.05,1.25,0,13,202,8.86,13.460000000000008,drafted,26.477484245704428,52.01,5
Blake Snell,Padres,pitcher,13543,154,3.49,1.21,0,12,189,8.76,13.270000000000008,drafted,26.10373075338022,45.12,35
Aroldis Chapman,Yankees,pitcher,10233,56,2.88,1.15,33,3,85,8.74,13.240000000000009,drafted,26.044717044065873,76.53,29
Carlos Carrasco,Mets,pitcher,6632,164,3.71,1.18,0,11,188,8.7,13.160000000000009,drafted,25.88734715256094,64.72,15
Brandon Woodruff,Brewers,pitcher,16162,161.5,3.59,1.18,0,11,183,8.68,13.13000000000001,drafted,25.828333443246596,33.79,10
Zack Greinke,Astros,pitcher,1943,185,3.99,1.18,0,12,170,8.64,13.06000000000001,drafted,25.690634788179782,108.42,25
Tyler Glasnow,Rays,pitcher,14374,146.5,3.49,1.17,0,10,197,8.54,12.89000000000001,drafted,25.356223768731805,51.68,12
Ryan Pressly,Astros,pitcher,7005,59.5,3.28,1.15,33,3,72,8.35,12.520000000000008,drafted,24.628388020521506,122.87,3
James Karinchak,Indians,pitcher,20151,60,3.17,1.24,31,3,100,8.34,12.510000000000009,drafted,24.608716784083388,104.73,4
Jose Berrios,Twins,pitcher,14168,178.5,3.95,1.24,0,12,183,8.22,12.30000000000001,drafted,24.19562081888295,85.1,17
Kenta Maeda,Twins,pitcher,18498,163,3.84,1.2,0,11,179,8.08,12.04000000000001,drafted,23.68416867149193,47.75,17
Raisel Iglesias,Angels,pitcher,17130,60.5,3.54,1.17,31,4,73,8.04,11.97000000000001,drafted,23.546470016425115,91.96,30
Kyle Hendricks,Cubs,pitcher,12049,182.5,4.06,1.22,0,12,149,7.54,11.06000000000001,drafted,21.75638750055654,85.2,13
Hyun-Jin Ryu,Blue Jays,pitcher,14444,166.5,3.81,1.22,0,11,157,7.48,10.96000000000001,drafted,21.55967513617538,74.28,11
Matt Barnes,Red Sox,pitcher,12863,68,3.83,1.33,29,4,90,7.41,10.840000000000009,drafted,21.323620298917984,233.18,20
Craig Kimbrel,Cubs,pitcher,6655,56.5,3.71,1.22,30,3,80,7.35,10.73000000000001,drafted,21.107236698098706,186.77,19
Kenley Jansen,Dodgers,pitcher,3096,54.5,3.66,1.13,30,3,64,7.24,10.520000000000008,drafted,20.694140732898262,135.71,23
Zac Gallen,Diamondbacks,pitcher,19291,159.5,3.86,1.25,0,10,177,7.17,10.39000000000001,drafted,20.438414659202756,40.62,8
Taylor Rogers,Twins,pitcher,13449,60,3.32,1.17,28,3,68,7.11,10.29000000000001,drafted,20.241702294821593,147.69,5
Sonny Gray,Reds,pitcher,12768,167,4,1.3,0,11,184,7.07,10.21000000000001,drafted,20.084332403316665,66.06,8
Kevin Gausman,Giants,pitcher,14107,158.5,3.89,1.24,0,10,171,7.06,10.190000000000008,drafted,20.04498993044043,131.46,3
Stephen Strasburg,Nationals,pitcher,10131,154.5,3.89,1.22,0,10,164,6.99,10.07000000000001,drafted,19.808935093183035,71.17,31
Charlie Morton,Braves,pitcher,4676,153,3.86,1.25,0,11,163,6.98,10.05000000000001,drafted,19.769592620306803,121.87,24
Dinelson Lamet,Padres,pitcher,17186,131.5,3.61,1.19,0,9,169,6.88,9.87000000000001,drafted,19.41551036442071,86.75,5
Dylan Bundy,Angels,pitcher,12917,171.5,4.38,1.26,0,11,175,6.76,9.660000000000009,drafted,19.00241439922027,107.93,5
James Paxton,NA,pitcher,11828,150,4.02,1.24,0,10,169,6.66,9.47000000000001,drafted,18.628660906896066,257.55,14
Andrew Heaney,Angels,pitcher,15423,156.5,4.25,1.23,0,10,167,6.52,9.22000000000001,drafted,18.136879995943158,209.03,17
German Marquez,Rockies,pitcher,15038,178,4.38,1.3,0,11,176,6.47,9.12000000000001,drafted,17.940167631561998,167.11,10
Corbin Burnes,Brewers,pitcher,19361,143,3.83,1.26,0,9,173,6.41,9.010000000000009,drafted,17.723784030742717,60.98,1
Patrick Corbin,Nationals,pitcher,9323,176.5,4.26,1.33,0,11,176,6.32,8.850000000000009,drafted,17.409044247732858,138.72,12
Drew Pomeranz,Padres,pitcher,11426,58,3.72,1.3,27,3,73,6.3,8.830000000000009,drafted,17.369701774856626,237.09,17
Zack Wheeler,Phillies,pitcher,10310,169.5,4.09,1.27,0,10,154,6.29,8.79000000000001,drafted,17.291016829104162,94.55,23
Joe Musgrove,Padres,pitcher,12970,146,3.98,1.22,0,10,147,6.28,8.79000000000001,drafted,17.291016829104162,127.52,12
Max Fried,Braves,pitcher,13743,163,4.01,1.34,0,12,158,6.26,8.740000000000009,drafted,17.19266064691358,66.14,13
Richard Rodriguez,Pirates,pitcher,13549,65,3.92,1.22,24,4,72,6.25,8.72000000000001,drafted,17.15331817403735,220.69,15
Framber Valdez,Astros,pitcher,17295,155,3.84,1.34,0,11,163,6.22,8.670000000000009,drafted,17.054961991846767,96.34,6
Corey Kluber,Yankees,pitcher,2429,146.5,4.04,1.22,0,10,147,6.22,8.670000000000009,drafted,17.054961991846767,205.59,16
Lance McCullers Jr.,Astros,pitcher,14120,148.5,3.81,1.29,0,10,158,6.2,8.64000000000001,drafted,16.995948282532417,122.21,5
Marco Gonzales,Mariners,pitcher,15467,174.5,4.3,1.27,0,11,143,6.07,8.40000000000001,drafted,16.52383860801763,167.9,2
Jesus Luzardo,Athletics,pitcher,19959,142.5,3.8,1.24,0,9,148,6.01,8.29000000000001,drafted,16.307455007198353,102.17,14
Rafael Montero,Mariners,pitcher,12760,62,3.93,1.26,25,3,69,5.89,8.080000000000009,drafted,15.89435904199791,197.57,17
Jake Odorizzi,NA,pitcher,6397,160,4.33,1.3,0,10,166,5.78,7.88000000000001,drafted,15.500934313235588,292.53,12
Sean Manaea,Athletics,pitcher,15873,149,4.1,1.24,0,10,131,5.63,7.61000000000001,drafted,14.969810929406451,241.44,9
Nick Anderson,Rays,pitcher,18337,64.5,3.08,1.06,14,4,90,5.62,7.590000000000009,drafted,14.930468456530216,167.32,18
Hector Neris,Phillies,pitcher,11804,58.5,4.17,1.29,25,3,70,5.62,7.590000000000009,drafted,14.930468456530216,304.73,3
Matthew Boyd,Tigers,pitcher,15440,157,4.49,1.27,0,9,165,5.5,7.37000000000001,drafted,14.497701254891663,311.07,5
Pablo Lopez,Marlins,pitcher,17085,148.5,4.02,1.26,0,9,138,5.44,7.260000000000009,drafted,14.281317654072382,128.07,3
Frankie Montas,Athletics,pitcher,14309,146.5,4.14,1.3,0,10,147,5.39,7.170000000000009,drafted,14.104276526129336,156.25,5
Dallas Keuchel,White Sox,pitcher,9434,177.5,4.24,1.36,0,12,134,5.32,7.05000000000001,drafted,13.868221688871943,196.64,20
Liam Hendriks,White Sox,pitcher,3548,62,2.99,1.05,13,4,85,5.28,6.9700000000000095,drafted,13.710851797367013,61.33,24
Will Smith,Braves,pitcher,8048,55,3.51,1.16,20,3,70,5.25,6.910000000000009,drafted,13.592824378738316,96.41,6
Will Smith,Braves,pitcher,8048,55,3.51,1.16,20,3,70,5.25,6.910000000000009,drafted,13.592824378738316,96.41,7
Will Smith,Braves,pitcher,8048,55,3.51,1.16,20,3,70,5.25,6.910000000000009,drafted,13.592824378738316,246.66,6
Will Smith,Braves,pitcher,8048,55,3.51,1.16,20,3,70,5.25,6.910000000000009,drafted,13.592824378738316,246.66,7
Will Smith,Braves,pitcher,8048,55,3.51,1.16,20,3,70,5.25,6.910000000000009,drafted,13.592824378738316,96.41,6
Will Smith,Braves,pitcher,8048,55,3.51,1.16,20,3,70,5.25,6.910000000000009,drafted,13.592824378738316,96.41,7
Will Smith,Braves,pitcher,8048,55,3.51,1.16,20,3,70,5.25,6.910000000000009,drafted,13.592824378738316,246.66,6
Will Smith,Braves,pitcher,8048,55,3.51,1.16,20,3,70,5.25,6.910000000000009,drafted,13.592824378738316,246.66,7
David Price,Dodgers,pitcher,3184,137.5,4.16,1.27,0,10,137,5.24,6.8900000000000095,drafted,13.553481905862084,185.24,20
Yimi Garcia,Marlins,pitcher,12095,60,4.01,1.21,22,3,62,5.19,6.80000000000001,drafted,13.376440777919038,398.3,3
Jake Diekman,Athletics,pitcher,5003,62.5,3.43,1.33,20,3,81,5.14,6.71000000000001,drafted,13.199399649975993,307.78,10
Zach Plesac,Indians,pitcher,19979,152,4.34,1.26,0,9,139,5.11,6.650000000000009,drafted,13.081372231347293,65.72,1
Mike Minor,Royals,pitcher,10021,156.5,4.35,1.28,0,9,144,5.1,6.6400000000000095,drafted,13.061700994909177,298.84,2
Kirby Yates,Blue Jays,pitcher,9073,62,3.34,1.13,14,4,87,5.06,6.560000000000009,drafted,12.904331103404248,177.11,25
Zach Eflin,Phillies,pitcher,13774,154.5,4.48,1.3,0,10,144,4.98,6.430000000000009,drafted,12.648605029708737,200.14,3
Marcus Stroman,Mets,pitcher,13431,160.5,4.08,1.35,0,10,135,4.93,6.330000000000009,drafted,12.451892665327575,214.12,12
Julio Urias,Dodgers,pitcher,14765,138.5,4.07,1.29,0,9,137,4.92,6.320000000000009,drafted,12.43222142888946,118.36,12
Chris Paddack,Padres,pitcher,20099,116.5,3.86,1.17,0,8,119,4.9,6.28000000000001,drafted,12.353536483136995,109.72,7
Ryan Yarbrough,Rays,pitcher,16502,143,4.19,1.25,0,9,120,4.78,6.070000000000009,drafted,11.940440517936555,247.13,5
Dustin May,Dodgers,pitcher,19716,132.5,3.95,1.26,0,9,119,4.77,6.05000000000001,drafted,11.901098045060323,172.74,2
Eduardo Rodriguez,Red Sox,pitcher,13164,135.5,4.1,1.31,0,9,141,4.77,6.05000000000001,drafted,11.901098045060323,228.82,16
Chris Bassitt,Athletics,pitcher,12304,152.5,4.24,1.31,0,9,137,4.75,6.000000000000009,drafted,11.80274186286974,189.51,4
Stefan Crichton,Diamondbacks,pitcher,16058,63,4.2,1.35,23,3,57,4.72,5.95000000000001,drafted,11.704385680679161,289.87,2
Rick Porcello,NA,pitcher,2717,167,4.69,1.31,0,10,143,4.71,5.930000000000009,,11.665043207802926,653.22,NA
Nathan Eovaldi,Red Sox,pitcher,9132,137,4.29,1.29,0,9,139,4.68,5.8900000000000095,drafted,11.586358262050464,231.64,4
Josh Lindblom,Brewers,pitcher,7882,152.5,4.65,1.29,0,9,148,4.64,5.810000000000009,drafted,11.428988370545532,337.37,0
Robbie Ray,Blue Jays,pitcher,11486,150,4.61,1.41,0,9,192,4.64,5.810000000000009,drafted,11.428988370545532,344.24,10
John Means,Orioles,pitcher,16269,157,4.63,1.27,0,9,136,4.62,5.78000000000001,drafted,11.369974661231186,210.93,8
Amir Garrett,Reds,pitcher,14375,59,4.06,1.33,20,3,74,4.58,5.70000000000001,drafted,11.212604769726257,308.99,6
Michael Pineda,Twins,pitcher,5372,145.5,4.45,1.28,0,9,134,4.57,5.680000000000009,drafted,11.173262296850021,232.62,5
Giovanny Gallegos,Cardinals,pitcher,14986,57.5,3.51,1.12,16,3,68,4.56,5.660000000000009,drafted,11.13391982397379,301.96,6
Kwang-hyun Kim,Cardinals,pitcher,27458,162,4.33,1.34,0,10,129,4.55,5.6400000000000095,drafted,11.094577351097557,268.89,6
Mike Soroka,Braves,pitcher,18383,147.5,4.06,1.3,0,9,118,4.55,5.6400000000000095,drafted,11.094577351097557,179.22,10
Taijuan Walker,NA,pitcher,11836,166,4.58,1.36,0,10,150,4.53,5.61000000000001,drafted,11.035563641783211,307.75,4
Sixto Sanchez,Marlins,pitcher,19680,139,3.99,1.28,0,8,121,4.46,5.4700000000000095,drafted,10.760166331649582,137.07,0
Chris Sale,Red Sox,pitcher,10603,88.5,3.31,1.08,0,6,113,4.39,5.360000000000009,drafted,10.543782730830303,255.39,19
Elieser Hernandez,Marlins,pitcher,16933,142,4.5,1.27,0,7,150,4.37,5.320000000000009,drafted,10.46509778507784,248.89,6
Daniel Bard,Rockies,pitcher,7115,56.5,4.98,1.48,24,4,57,4.31,5.210000000000009,drafted,10.24871418425856,329.07,8
Jose Urquidy,Astros,pitcher,18413,148,4.58,1.29,0,9,132,4.3,5.190000000000009,drafted,10.209371711382328,225.18,20
Ian Anderson,Braves,pitcher,19951,130,4.15,1.36,0,9,141,4.25,5.100000000000009,drafted,10.032330583439283,99.38,1
Triston McKenzie,Indians,pitcher,18000,138,4.58,1.29,0,8,145,4.21,5.030000000000009,drafted,9.894631928372469,194.43,20
Daniel Hudson,Nationals,pitcher,7146,56,4.67,1.38,22,3,60,4.16,4.940000000000009,,9.717590800429424,508.31,NA
Jose Leclerc,Rangers,pitcher,14524,61.5,3.76,1.33,16,3,83,4.14,4.900000000000009,drafted,9.638905854676958,340.11,7
Aaron Civale,Indians,pitcher,19479,149.5,4.54,1.31,0,9,127,4.08,4.790000000000009,drafted,9.422522253857679,186.96,18
Freddy Peralta,Brewers,pitcher,18679,107,4.01,1.26,0,7,136,4.07,4.780000000000009,drafted,9.402851017419563,364.2,9
Matt Shoemaker,NA,pitcher,4776,147,4.57,1.31,0,8,139,4.02,4.6800000000000095,drafted,9.206138653038403,575.91,0
Jose Quintana,Angels,pitcher,11423,148.5,4.54,1.34,0,9,136,4.01,4.670000000000009,,9.186467416600285,468.67,NA
Tyler Mahle,Reds,pitcher,16358,138,4.57,1.32,0,8,145,3.98,4.610000000000009,drafted,9.068439997971588,174.62,2
Aaron Bummer,White Sox,pitcher,16258,59,3.28,1.28,17,2,62,3.96,4.570000000000009,,8.989755052219124,520,NA
Jordan Montgomery,Yankees,pitcher,16511,123.5,4.19,1.29,0,8,122,3.91,4.490000000000009,drafted,8.832385160714194,218.46,10
Alex Wood,Giants,pitcher,13781,123,4.05,1.28,0,8,112,3.89,4.450000000000009,,8.753700214961729,517.92,NA
Sandy Alcantara,Marlins,pitcher,18684,166.5,4.49,1.4,0,9,144,3.85,4.38000000000001,drafted,8.616001559894917,140.19,27
Chris Archer,NA,pitcher,6345,140,4.47,1.34,0,7,152,3.85,4.370000000000009,drafted,8.5963303234568,512.66,0
Griffin Canning,Angels,pitcher,19867,135,4.49,1.32,0,8,136,3.83,4.34000000000001,drafted,8.537316614142451,305.83,7
J.A. Happ,Twins,pitcher,7410,140,4.53,1.33,0,9,126,3.79,4.270000000000009,drafted,8.399617959075638,389.71,1
Spencer Turnbull,Tigers,pitcher,16207,158,4.57,1.4,0,9,148,3.78,4.250000000000009,drafted,8.360275486199404,354.95,4
Vince Velasquez,Phillies,pitcher,11189,136,4.68,1.35,0,8,151,3.73,4.160000000000009,,8.183234358256358,559.14,NA
Yusei Kikuchi,Mariners,pitcher,20633,142.5,4.41,1.34,0,8,129,3.68,4.060000000000009,drafted,7.986521993875197,318.67,0
Greg Holland,Royals,pitcher,7196,59.5,4.31,1.42,19,3,62,3.64,3.9900000000000087,drafted,7.848823338808383,279.55,9
Dane Dunning,Rangers,pitcher,19409,150,4.46,1.37,0,8,138,3.64,3.9900000000000087,drafted,7.848823338808383,287.64,6
Diego Castillo,Rays,pitcher,17496,64.5,3.35,1.22,10,4,73,3.6,3.930000000000009,drafted,7.730795920179686,339.7,14
Anthony DeSclafani,Giants,pitcher,13050,141,4.49,1.33,0,8,126,3.57,3.8800000000000088,,7.632439737989104,440.91,NA
Nate Pearson,Blue Jays,pitcher,20160,129,4.48,1.33,0,8,129,3.53,3.8000000000000087,drafted,7.475069846484175,262.25,0
Luke Weaver,Diamondbacks,pitcher,16918,131,4.55,1.33,0,8,130,3.5,3.7400000000000078,drafted,7.357042427855475,422.56,0
Peter Fairbanks,Rays,pitcher,17998,63,3.57,1.26,10,4,80,3.46,3.670000000000007,drafted,7.219343772788661,486.79,4
Peter Fairbanks,Rays,pitcher,17998,63,3.57,1.26,10,4,80,3.46,3.670000000000007,drafted,7.219343772788661,NA,4
Hunter Harvey,Orioles,pitcher,15507,65,4.73,1.37,18,3,62,3.42,3.5900000000000074,drafted,7.061973881283732,391.61,5
Zach Davies,Cubs,pitcher,13183,160,4.64,1.4,0,10,121,3.33,3.4400000000000066,drafted,6.766905334711987,243.06,1
Tony Gonsolin,Dodgers,pitcher,19388,115.5,4.29,1.29,0,7,116,3.27,3.330000000000006,drafted,6.550521733892707,208.67,12
Brad Hand,Nationals,pitcher,9111,58.5,3.71,1.18,9,4,74,3.21,3.2100000000000053,drafted,6.314466896635312,130.35,12
Johnny Cueto,Giants,pitcher,6893,156,4.69,1.37,0,8,131,3.21,3.2100000000000053,,6.314466896635312,560.91,NA
Kyle Gibson,Rangers,pitcher,10123,161.5,4.7,1.43,0,9,142,3.19,3.1800000000000055,drafted,6.255453187320963,548.06,9
Adrian Houser,Brewers,pitcher,12718,143,4.48,1.38,0,8,125,3.16,3.120000000000005,,6.137425768692266,475.74,NA
Jameson Taillon,Yankees,pitcher,11674,118.5,4.26,1.28,0,7,104,3.13,3.0700000000000047,drafted,6.039069586501684,219.79,1
Rich Hill,NA,pitcher,4806,122,4.43,1.31,0,7,118,3.12,3.050000000000005,drafted,5.999727113625452,484.9,2
Caleb Smith,Diamondbacks,pitcher,14875,141,4.95,1.38,0,8,148,3.11,3.0400000000000045,drafted,5.9800558771873344,336.98,6
Jonathan Hernandez,Rangers,pitcher,17464,63,4.34,1.4,16,3,63,3.11,3.0300000000000047,drafted,5.960384640749219,474.01,1
Miles Mikolas,Cardinals,pitcher,9803,117.5,4.19,1.25,0,7,90,3.06,2.950000000000004,drafted,5.803014749244288,397.44,0
Tarik Skubal,Tigers,pitcher,22267,122,4.66,1.33,0,7,132,3.06,2.950000000000004,drafted,5.803014749244288,312.58,1
Danny Duffy,Royals,pitcher,3542,148.5,4.79,1.38,0,8,136,3.06,2.9400000000000044,,5.783343512806173,523.39,NA
Chris Martin,Braves,pitcher,11847,55,3.56,1.14,11,3,56,3.04,2.910000000000004,drafted,5.724329803491823,395.41,10
Noah Syndergaard,Mets,pitcher,11762,96.5,3.86,1.22,0,6,96,3.01,2.850000000000004,drafted,5.606302384863127,327.18,16
Madison Bumgarner,Diamondbacks,pitcher,5524,156,5.04,1.34,0,8,130,2.98,2.8000000000000043,drafted,5.507946202672546,386.45,1
Brady Singer,Royals,pitcher,25377,139,4.52,1.37,0,8,116,2.95,2.7400000000000033,drafted,5.3899187840438465,242.68,5
Brad Keller,Royals,pitcher,15734,154.5,4.51,1.41,0,9,113,2.92,2.690000000000003,drafted,5.291562601853265,319.59,3
Emilio Pagan,Padres,pitcher,14771,58,3.72,1.13,9,3,67,2.92,2.690000000000003,drafted,5.291562601853265,489.48,1
Cristian Javier,Astros,pitcher,17606,129,4.92,1.4,0,8,143,2.83,2.5300000000000025,drafted,4.976822818843405,220.79,8
Merrill Kelly,Diamondbacks,pitcher,11156,135.5,4.71,1.36,0,8,118,2.82,2.5200000000000027,drafted,4.957151582405289,517.72,7
Jonathan Brubaker,Pirates,pitcher,17578,140,4.47,1.38,0,7,123,2.82,2.5200000000000027,,4.957151582405289,NA,NA
Drew Smyly,Braves,pitcher,11760,105,4.37,1.31,0,6,120,2.74,2.3600000000000017,drafted,4.642411799395427,217.37,6
Luis Severino,Yankees,pitcher,15890,79.5,3.69,1.19,0,6,88,2.69,2.280000000000001,drafted,4.485041907890497,443.42,11
David Peterson,Mets,pitcher,20302,129,4.36,1.4,0,8,110,2.68,2.2600000000000016,drafted,4.445699435014265,410.23,7
Ross Stripling,Blue Jays,pitcher,13273,114.5,4.48,1.31,0,7,105,2.67,2.240000000000001,drafted,4.406356962138032,487.79,2
Chris Flexen,Mariners,pitcher,13896,121.5,4.53,1.36,0,7,118,2.64,2.190000000000001,drafted,4.3080007799474505,623.84,0
Jordan Romano,Blue Jays,pitcher,16122,63,4.1,1.29,10,3,74,2.63,2.1700000000000004,drafted,4.268658307071217,394.7,0
Justus Sheffield,Mariners,pitcher,17285,142,4.51,1.44,0,8,126,2.63,2.1700000000000004,drafted,4.268658307071217,293.43,15
Trevor May,Mets,pitcher,6398,56.5,3.7,1.21,8,3,74,2.57,2.0600000000000005,drafted,4.052274706251939,543.32,1
Rafael Dolis,Blue Jays,pitcher,4185,68,4.11,1.39,10,4,73,2.56,2.04,,4.012932233375706,573.74,NA
Brent Suter,Brewers,pitcher,13942,84.5,3.84,1.19,1,5,83,2.53,1.98,,3.8949048147470084,586.93,NA
Mitch Keller,Pirates,pitcher,17594,134.5,4.61,1.42,0,7,132,2.51,1.9499999999999997,drafted,3.835891105432659,311.53,3
Devin Williams,Brewers,pitcher,15816,60.5,3.33,1.25,6,3,83,2.51,1.9499999999999997,drafted,3.835891105432659,175.6,7
Domingo German,Yankees,pitcher,17149,97,4.49,1.29,0,7,102,2.5,1.9300000000000002,drafted,3.7965486325564277,322.72,1
Adam Wainwright,Cardinals,pitcher,2233,139.5,4.72,1.4,0,8,116,2.46,1.8599999999999994,drafted,3.658849977489613,422.19,8
Tyler Duffey,Twins,pitcher,13758,60,3.79,1.21,8,3,67,2.44,1.8299999999999992,drafted,3.5998362681752636,515.81,0
Dylan Cease,White Sox,pitcher,18525,132,4.65,1.45,0,8,129,2.43,1.7999999999999998,drafted,3.5408225588609166,398.19,5
Logan Webb,Giants,pitcher,17995,127.5,4.34,1.4,0,7,110,2.41,1.7699999999999991,,3.4818088495465664,635.33,NA
Alex Cobb,Angels,pitcher,6562,155,5,1.4,0,9,114,2.38,1.6999999999999988,,3.3441101944797524,606.72,NA
Tyler Rogers,Giants,pitcher,15541,61,3.89,1.35,12,3,50,2.35,1.6599999999999984,,3.265425248727287,617.16,NA
Lucas Sims,Reds,pitcher,13470,59,4.4,1.32,10,3,74,2.31,1.5899999999999985,drafted,3.1277265936604737,373.19,3
Kris Bubic,Royals,pitcher,21455,129,4.56,1.41,0,7,118,2.29,1.5499999999999985,,3.0490416479080085,537.21,NA
Alec Mills,Cubs,pitcher,13834,140,4.92,1.39,0,8,113,2.23,1.4399999999999977,,2.832658047088729,487.47,NA
Michael Wacha,Rays,pitcher,14078,128,4.64,1.4,0,7,116,2.22,1.429999999999998,,2.8129868106506133,536.06,NA
Carlos Martinez,Cardinals,pitcher,11682,124.5,4.5,1.4,0,7,109,2.19,1.3699999999999979,drafted,2.6949593920219157,426.66,1
Brett Anderson,Brewers,pitcher,8223,141,4.67,1.4,0,9,89,2.16,1.3199999999999976,,2.596603209831334,702.56,NA
Kevin Ginkel,Diamondbacks,pitcher,19876,61.5,4.06,1.32,8,3,76,2.14,1.2899999999999978,,2.537589500516986,681.9,NA
Chase Anderson,NA,pitcher,6895,122,4.92,1.35,0,7,111,2.14,1.2799999999999976,,2.5179182640788693,730.47,NA
J.B. Wendelken,Athletics,pitcher,14506,61,3.87,1.29,8,3,67,2.13,1.2699999999999978,drafted,2.498247027640754,507.55,1
Blake Treinen,Dodgers,pitcher,12572,55.5,3.65,1.29,8,4,54,2.11,1.2199999999999975,,2.399890845450172,470.39,NA
Deivi Garcia,Yankees,pitcher,20276,102,4.71,1.36,0,7,108,2.09,1.1799999999999975,drafted,2.321205899697707,330.84,3
Mike Leake,NA,pitcher,10130,143,4.93,1.35,0,8,92,2.07,1.1499999999999977,,2.262192190383359,748.58,NA
Trevor Rogers,Marlins,pitcher,22286,103,4.35,1.35,0,6,102,2.06,1.1299999999999977,drafted,2.2228497175071267,501.83,2
Alex Reyes,Cardinals,pitcher,15015,52,3.91,1.37,10,3,64,2.06,1.1299999999999977,drafted,2.2228497175071267,419.99,4
Seth Lugo,Mets,pitcher,12447,74,3.9,1.18,0,5,81,2.02,1.0599999999999978,drafted,2.0851510624403136,428.16,2
Bryan Garcia,Tigers,pitcher,19457,64.5,4.8,1.47,14,3,56,2,1.0199999999999978,drafted,2.0064661166878484,475.29,1
Jake Arrieta,NA,pitcher,4153,138,4.83,1.42,0,8,108,1.97,0.9599999999999979,,1.8884386980591514,701.06,NA
Reyes Moronta,Giants,pitcher,14966,57.5,3.82,1.35,8,3,69,1.94,0.9099999999999976,drafted,1.7900825158685698,473.07,3
A.J. Puk,Athletics,pitcher,19343,83,3.88,1.3,0,5,92,1.92,0.8799999999999979,drafted,1.731068806554222,410.01,13
Adbert Alzolay,Cubs,pitcher,17859,112,4.76,1.42,0,7,117,1.92,0.8799999999999979,drafted,1.731068806554222,361.9,5
Cole Hamels,NA,pitcher,4972,117,4.71,1.4,0,7,107,1.88,0.809999999999998,,1.5933701514874088,649.72,NA
Daulton Jefferies,Athletics,pitcher,19345,99,4.43,1.27,0,5,89,1.83,0.7199999999999979,,1.4163290235443624,638.62,NA
Tejay Antone,Reds,pitcher,16233,109,4.47,1.39,0,6,105,1.82,0.699999999999998,drafted,1.3769865506681302,367.43,5
Anibal Sanchez,NA,pitcher,3284,147,5.25,1.41,0,8,120,1.82,0.6899999999999982,,1.3573153142300145,733.07,NA
Jon Gray,Rockies,pitcher,14916,150,5.16,1.45,0,8,130,1.81,0.6899999999999982,,1.3573153142300145,519.69,NA
Tanner Roark,Blue Jays,pitcher,8753,140.5,5.18,1.42,0,8,118,1.78,0.6199999999999983,,1.2196166591632014,717.79,NA
Rowan Wick,Cubs,pitcher,14646,59.5,3.97,1.36,8,3,63,1.71,0.49999999999999845,,0.9835618219058071,594.32,NA
Randy Dobnak,Twins,pitcher,23798,117.5,4.54,1.4,0,8,79,1.67,0.42999999999999816,drafted,0.8458631668389932,530.66,0
Drew Rasmussen,Brewers,pitcher,25385,91,4.31,1.37,0,5,105,1.65,0.3899999999999987,,0.7671782210865293,749.98,NA
MacKenzie Gore,NA,pitcher,sa3005068,84,4.27,1.33,0,6,86,1.64,0.36999999999999866,drafted,0.727835748210297,333.3,0
Gregory Soto,Tigers,pitcher,19677,61,4.72,1.52,12,3,63,1.6,0.2999999999999985,drafted,0.5901370931434832,557.87,0
Chad Green,Yankees,pitcher,15552,57.5,3.45,1.11,1,3,75,1.6,0.2899999999999987,drafted,0.5704658567053674,616.61,0
Austin Gomber,Rockies,pitcher,16561,128,4.86,1.46,0,7,119,1.59,0.2899999999999987,,0.5704658567053674,552.76,NA
Chad Kuhl,Pirates,pitcher,14975,138,4.92,1.47,0,7,125,1.58,0.24999999999999864,,0.49178091095290244,629.88,NA
Keegan Akin,Orioles,pitcher,19362,129,5.09,1.46,0,7,127,1.52,0.15999999999999845,,0.3147397830098562,556.56,NA
Adam Ottavino,Red Sox,pitcher,1247,67.5,4,1.36,3,4,84,1.51,0.13999999999999885,drafted,0.2753973101336246,552.91,4
Gio Gonzalez,NA,pitcher,7448,113,4.64,1.45,0,7,102,1.48,0.08999999999999869,,0.17704112794304327,749.96,NA
Shohei Ohtani,Angels,pitcher,19755,88,4.45,1.41,0,6,100,1.46,0.04999999999999863,drafted,0.09835618219057832,234.62,23
Michael Lorenzen,Reds,pitcher,14843,99,4.51,1.4,0,6,94,1.39,-0.0700000000000014,drafted,-0.13769865506681617,396.34,0
Kyle Freeland,Rockies,pitcher,16256,162.5,5.14,1.5,0,9,121,1.39,-0.08000000000000118,,-0.15736989150493197,606.38,NA
Josh Staumont,Royals,pitcher,18335,62,4.49,1.53,9,3,77,1.38,-0.10000000000000109,,-0.19671236438116418,498.16,NA
Jon Lester,Nationals,pitcher,4930,138.5,5.2,1.45,0,8,111,1.34,-0.16000000000000117,,-0.31473978300986155,572.03,NA
Cal Quantrill,Indians,pitcher,19312,98.5,4.64,1.36,0,6,86,1.32,-0.2000000000000011,,-0.39342472876232626,425.68,NA
Adrian Morejon,Padres,pitcher,20039,72.5,4.02,1.31,0,5,80,1.32,-0.2000000000000011,,-0.39342472876232626,553.95,NA
Michael Kopech,White Sox,pitcher,17282,95.5,4.64,1.42,0,6,101,1.32,-0.21000000000000088,drafted,-0.413095965200442,292.66,2
Daniel Ponce de Leon,Cardinals,pitcher,16110,91,4.46,1.38,0,5,98,1.31,-0.2200000000000011,drafted,-0.4327672016385587,504.58,0
Ryan Brasier,Red Sox,pitcher,5615,63.5,4.27,1.29,5,3,66,1.29,-0.25000000000000094,,-0.49178091095290694,746.28,NA
Brusdar Graterol,Dodgers,pitcher,20367,56,3.59,1.25,5,3,51,1.29,-0.25000000000000094,,-0.49178091095290694,523.38,NA
Zack Britton,Yankees,pitcher,3240,59,3.46,1.37,6,3,54,1.29,-0.25000000000000094,drafted,-0.49178091095290694,408.63,2
Martin Perez,NA,pitcher,6902,147,4.99,1.49,0,8,113,1.29,-0.27000000000000096,,-0.5311233838291394,655.9,NA
Anthony Bass,Marlins,pitcher,7982,60,4.16,1.32,7,3,52,1.29,-0.27000000000000096,drafted,-0.5311233838291394,461.29,4
Archie Bradley,Phillies,pitcher,12918,60.5,4.09,1.3,5,3,65,1.29,-0.27000000000000096,drafted,-0.5311233838291394,303.85,17
Dean Kremer,Orioles,pitcher,19350,143,5.24,1.48,0,7,133,1.27,-0.3000000000000011,,-0.5901370931434883,560.68,NA
Wade Miley,Reds,pitcher,8779,131.5,4.96,1.49,0,8,108,1.26,-0.3200000000000011,,-0.6294795660197208,702.86,NA
Mike Fiers,NA,pitcher,7754,139,5.29,1.41,0,8,98,1.25,-0.3300000000000009,,-0.6491508024578365,648.16,NA
Mike Mayers,Angels,pitcher,15451,60.5,4.1,1.27,4,3,68,1.25,-0.34000000000000113,,-0.6688220388959532,556.24,NA
Nick Wittgren,Indians,pitcher,15594,60,4.22,1.27,5,3,62,1.25,-0.34000000000000113,,-0.6688220388959532,596.59,NA
Steven Brault,Pirates,pitcher,15291,139,4.87,1.51,0,7,122,1.23,-0.370000000000001,,-0.7278357482103015,525.44,NA
Matt Wisler,Giants,pitcher,12804,61,4.1,1.26,4,3,65,1.22,-0.390000000000001,,-0.767178221086534,633.37,NA
Carlos Rodon,White Sox,pitcher,16137,95,4.71,1.41,0,6,95,1.17,-0.48000000000000076,,-0.9442193490295793,673.82,NA
Trevor Williams,NA,pitcher,16977,117,4.91,1.39,0,6,94,1.16,-0.490000000000001,,-0.9638905854676959,691.37,NA
Casey Mize,Tigers,pitcher,20492,113,4.97,1.38,0,6,94,1.16,-0.5000000000000007,drafted,-0.9835618219058115,399.22,0
A.J. Minter,Braves,pitcher,18655,54,3.75,1.3,3,4,62,1.12,-0.5600000000000007,,-1.101589240534509,618.85,NA
Josh Fleming,Rays,pitcher,20418,93,4.37,1.34,0,6,65,1.11,-0.5800000000000007,,-1.1409317134107413,470.74,NA
Matt Andriese,Red Sox,pitcher,12022,78,4.49,1.34,1,5,77,1.09,-0.6200000000000007,,-1.219616659163206,737.75,NA
Tanner Scott,Orioles,pitcher,17586,65,3.79,1.38,3,3,77,1.08,-0.6500000000000007,,-1.2786303684775546,638.21,NA
Michael Fulmer,Tigers,pitcher,13218,114.5,4.87,1.39,0,6,88,1.05,-0.6900000000000007,,-1.3573153142300196,656.65,NA
Cesar Valdez,Orioles,pitcher,9013,61,4.81,1.38,9,3,47,1.04,-0.7100000000000006,,-1.3966577871062518,722.05,NA
Jordan Lyles,Rangers,pitcher,7593,143.5,5.33,1.46,0,7,118,0.97,-0.8400000000000004,,-1.652383860801762,711.74,NA
Lou Trivino,Athletics,pitcher,15043,62.5,4.02,1.34,4,3,63,0.95,-0.8800000000000004,,-1.7310688065542268,650.96,NA
Tyler Anderson,NA,pitcher,12880,103,4.9,1.39,0,6,86,0.94,-0.9000000000000004,,-1.7704112794304592,735.39,NA
Lewis Thorpe,Twins,pitcher,15906,93.5,4.65,1.38,0,5,88,0.94,-0.9000000000000004,,-1.7704112794304592,750.91,NA
Evan Marshall,White Sox,pitcher,12297,58,3.82,1.32,4,3,57,0.91,-0.9500000000000004,,-1.8687674616210401,734.25,NA
Brendan McKay,Rays,pitcher,20186,55.5,3.7,1.21,0,4,64,0.88,-1.0000000000000002,,-1.9671236438116209,634.92,NA
Sam Coonrod,Giants,pitcher,17264,48,4.55,1.45,10,2,49,0.88,-1.0100000000000002,,-1.986794880249737,749.33,NA
Jeff Samardzija,NA,pitcher,3254,126,5.42,1.4,0,7,93,0.81,-1.1400000000000003,,-2.242520953945248,743.7,NA
Sean Doolittle,NA,pitcher,1581,51,4.27,1.21,4,3,52,0.81,-1.1400000000000003,,-2.242520953945248,666.82,NA
Will Harris,Nationals,pitcher,3192,55,3.82,1.26,3,3,55,0.8,-1.1500000000000004,,-2.2621921903833644,737.35,NA
Justin Dunn,Mariners,pitcher,19268,124,5.15,1.47,0,6,113,0.79,-1.1700000000000004,,-2.3015346632595968,593.09,NA
Tanner Rainey,Nationals,pitcher,17610,54.5,4.26,1.43,4,3,77,0.76,-1.2200000000000004,drafted,-2.399890845450178,430.24,2
Joely Rodriguez,Rangers,pitcher,11487,63,3.88,1.33,2,3,68,0.76,-1.2200000000000004,,-2.399890845450178,680.57,NA
Austin Adams,Padres,pitcher,13801,51,3.44,1.31,1,3,74,0.76,-1.2200000000000004,drafted,-2.399890845450178,674.51,0
Logan Gilbert,Mariners,pitcher,sa3008598,84,4.61,1.33,0,4,82,0.74,-1.2600000000000002,drafted,-2.4785757912026423,530.3,0
Joe Jimenez,Tigers,pitcher,15761,60.5,4.41,1.29,3,3,65,0.73,-1.2800000000000002,,-2.5179182640788746,639.39,NA
Spencer Howard,Phillies,pitcher,23252,85,4.81,1.37,0,5,84,0.72,-1.2900000000000003,drafted,-2.537589500516991,400.84,4
Andrew Miller,Cardinals,pitcher,6785,57.5,4.03,1.31,3,3,61,0.71,-1.3100000000000003,,-2.5769319733932234,642.08,NA
Logan Allen,Indians,pitcher,18555,118,5.15,1.49,0,7,103,0.71,-1.3200000000000003,,-2.5966032098313394,697.2,NA
Mychal Givens,Rockies,pitcher,10430,58.5,4.43,1.3,3,3,67,0.7,-1.3300000000000003,,-2.616274446269456,661.46,NA
Phil Maton,Indians,pitcher,18064,58.5,3.76,1.23,0,3,69,0.7,-1.3300000000000003,,-2.616274446269456,718.82,NA
Grant Holmes,Athletics,pitcher,sa828669,91,4.56,1.4,0,5,80,0.7,-1.3400000000000003,,-2.635945682707572,745.98,NA
Jose Alvarado,Phillies,pitcher,17780,56,3.85,1.38,3,3,67,0.69,-1.3500000000000003,,-2.655616919145688,637.34,NA
David Robertson,NA,pitcher,8241,54,3.78,1.26,0,4,65,0.67,-1.3800000000000003,drafted,-2.714630628460037,745.89,1
Emmanuel Clase,Indians,pitcher,21032,56.5,3.7,1.27,2,3,56,0.66,-1.4000000000000001,,-2.753973101336269,518.37,NA
Victor Gonzalez,Dodgers,pitcher,16408,56,3.64,1.27,2,3,55,0.66,-1.4000000000000001,,-2.753973101336269,NA,NA
Shane McClanahan,Rays,pitcher,sa3008547,80,4.56,1.4,0,5,81,0.66,-1.4100000000000004,,-2.7736443377743853,650.78,NA
Kendall Graveman,Mariners,pitcher,15514,62,4.6,1.37,6,3,50,0.63,-1.4600000000000004,,-2.8720005199649665,696.49,NA
Matt Moore,Phillies,pitcher,1890,120,5.34,1.44,0,6,104,0.6,-1.5100000000000002,,-2.9703567021555473,666.92,NA
Kolby Allard,Rangers,pitcher,18694,114,5.04,1.46,0,6,96,0.6,-1.5200000000000002,,-2.9900279385936637,726.45,NA
Jose Urena,Tigers,pitcher,11589,115.5,5.03,1.43,0,6,87,0.6,-1.5200000000000002,,-2.9900279385936637,679.9,NA
Scott Barlow,Royals,pitcher,14993,62,4.05,1.33,1,3,73,0.56,-1.5900000000000003,,-3.1277265936604772,587.77,NA
Homer Bailey,NA,pitcher,8362,110,5.12,1.43,0,6,89,0.56,-1.5900000000000003,,-3.1277265936604772,744.89,NA
Steven Matz,Blue Jays,pitcher,13361,73,4.66,1.35,0,5,71,0.53,-1.6300000000000003,,-3.206411539412942,581.51,NA
Eric Lauer,Brewers,pitcher,19316,95,4.92,1.41,0,5,87,0.53,-1.6400000000000003,,-3.226082775851058,702.1,NA
Tanner Houck,Red Sox,pitcher,19879,112,5.09,1.51,0,7,97,0.52,-1.6600000000000004,drafted,-3.265425248727291,394.41,1
Matt Strahm,Padres,pitcher,13799,54.5,4.09,1.23,2,3,54,0.52,-1.6600000000000004,,-3.265425248727291,736.16,NA
David Phelps,NA,pitcher,6316,60,4.14,1.31,0,4,68,0.5,-1.6900000000000004,,-3.324438958041639,NA,NA
Luis Patino,Rays,pitcher,22815,70,4.39,1.4,0,5,72,0.49,-1.7100000000000004,drafted,-3.3637814309178715,500.2,1
Joakim Soria,NA,pitcher,6941,60,3.86,1.25,0,3,64,0.49,-1.7100000000000004,drafted,-3.3637814309178715,563.61,8
Justin Wilson,NA,pitcher,4301,58,3.85,1.35,0,4,68,0.48,-1.7300000000000004,,-3.4031239037941043,748.48,NA
Keone Kela,Pirates,pitcher,14696,50,3.6,1.21,0,3,62,0.47,-1.7500000000000004,,-3.4424663766703367,675.36,NA
Collin McHugh,NA,pitcher,7531,68,4.39,1.32,0,4,69,0.45,-1.7800000000000005,,-3.501480085984685,742.7,NA
Devin Smeltzer,Twins,pitcher,19487,85.5,4.83,1.36,0,5,71,0.45,-1.7800000000000005,,-3.501480085984685,747.99,NA
Nick Pivetta,Red Sox,pitcher,15454,95,5.15,1.44,0,6,87,0.45,-1.7900000000000005,,-3.5211513224228015,539.08,NA
Chris Stratton,Pirates,pitcher,13761,65,4.6,1.39,4,3,62,0.44,-1.8100000000000005,,-3.560493795299034,733.39,NA
Brent Honeywell Jr.,Rays,pitcher,sa828706,70,4.48,1.35,0,5,63,0.43,-1.8200000000000005,,-3.5801650317371503,642.42,NA
Ty Buttrey,Angels,pitcher,14719,57,4.03,1.31,2,3,58,0.42,-1.8300000000000005,,-3.5998362681752663,734.99,NA
Jesse Hahn,Royals,pitcher,13287,58.5,4.24,1.4,4,3,56,0.4,-1.8700000000000006,,-3.6785212139277315,688.06,NA
Alex Colome,NA,pitcher,6661,65,4.03,1.31,0,4,58,0.4,-1.8800000000000006,drafted,-3.6981924503658474,188.64,9
Pierce Johnson,Padres,pitcher,13435,56.5,3.84,1.28,0,3,67,0.4,-1.8800000000000006,,-3.6981924503658474,697.69,NA
Trevor Rosenthal,NA,pitcher,10745,63,3.97,1.41,0,3,85,0.39,-1.8900000000000006,drafted,-3.717863686803964,183.43,2
Sam Selman,Giants,pitcher,13397,57,3.93,1.35,1,3,69,0.39,-1.9000000000000006,,-3.73753492324208,750.53,NA
Jordan Hicks,Cardinals,pitcher,19618,45,3.7,1.35,5,2,48,0.38,-1.9100000000000008,drafted,-3.7572061596801967,262.39,1
Alex Young,Diamondbacks,pitcher,18333,79.5,4.69,1.39,0,5,71,0.37,-1.9200000000000006,,-3.776877396118312,742,NA
Richard Bleier,Marlins,pitcher,7803,58.5,3.97,1.32,4,3,37,0.37,-1.9300000000000006,,-3.7965486325564286,NA,NA
Anthony Misiewicz,Mariners,pitcher,18152,60,4.29,1.3,2,3,58,0.37,-1.9300000000000006,,-3.7965486325564286,748.87,NA
Joey Lucchesi,Pirates,pitcher,19320,71.5,4.42,1.34,0,4,67,0.34,-1.9800000000000006,,-3.89490481474701,628.52,NA
Jake McGee,NA,pitcher,7550,56,4.03,1.23,0,3,62,0.34,-1.9800000000000006,drafted,-3.89490481474701,702.11,3
Dellin Betances,Mets,pitcher,6216,52,3.89,1.34,1,3,67,0.32,-2.0300000000000007,,-3.993260996937591,735.96,NA
Michael Feliz,Pirates,pitcher,11903,63.5,4.49,1.37,3,2,72,0.31,-2.0400000000000005,,-4.0129322333757065,748.62,NA
Andrew Chafin,NA,pitcher,12988,60,3.92,1.32,0,3,67,0.28,-2.0900000000000007,,-4.111288415566288,NA,NA
Adam Plutko,Indians,pitcher,15846,97.5,5.26,1.36,0,5,76,0.27,-2.1100000000000008,,-4.150630888442521,742.25,NA
Julio Teheran,NA,pitcher,6797,122,5.44,1.47,0,6,102,0.22,-2.190000000000001,,-4.3080007799474505,731.13,NA
Darren O'Day,NA,pitcher,3321,51,3.94,1.23,0,3,59,0.21,-2.220000000000001,,-4.367014489261799,748.54,NA
Paul Fry,Orioles,pitcher,15832,61.5,4.01,1.38,1,3,65,0.2,-2.230000000000001,,-4.386685725699915,NA,NA
Joe Smith,Astros,pitcher,3281,52,3.96,1.23,1,3,49,0.2,-2.240000000000001,,-4.406356962138032,NA,NA
Mark Melancon,NA,pitcher,4264,63,3.95,1.33,0,4,52,0.19,-2.250000000000001,drafted,-4.426028198576148,336.06,3
Codi Heuer,White Sox,pitcher,23293,57,3.95,1.32,0,4,54,0.19,-2.2600000000000007,,-4.445699435014263,715.48,NA
Jonathan Loaisiga,Yankees,pitcher,19753,55,3.96,1.28,0,3,61,0.17,-2.290000000000001,drafted,-4.504713144328613,628.93,1
Jarlin Garcia,Giants,pitcher,18282,63.5,4.49,1.38,2,4,53,0.16,-2.310000000000001,,-4.544055617204845,745.85,NA
Kyle Cody,Rangers,pitcher,19686,94,4.79,1.47,0,5,81,0.16,-2.320000000000001,,-4.563726853642962,706.76,NA
Burch Smith,Athletics,pitcher,12784,52,4.56,1.42,4,3,55,0.12,-2.390000000000001,,-4.701425508709775,746.18,NA
Corey Knebel,Dodgers,pitcher,15010,48,3.83,1.27,0,3,60,0.1,-2.4200000000000013,,-4.760439218024124,623.46,NA
Antonio Senzatela,Rockies,pitcher,15488,161,5.52,1.54,0,9,105,0.1,-2.4200000000000013,,-4.760439218024124,566.14,NA
John Curtiss,Rays,pitcher,16128,57,4.37,1.37,2,3,60,0.1,-2.4200000000000013,,-4.760439218024124,743.36,NA
Brandon Workman,NA,pitcher,11428,58,4.29,1.39,0,4,67,0.1,-2.430000000000001,,-4.78011045446224,676.55,NA
Cody Stashak,Twins,pitcher,18088,55.5,4.29,1.24,0,3,58,0.08,-2.460000000000001,,-4.839124163776588,746.68,NA
Jakob Junis,Royals,pitcher,13619,75.5,4.81,1.35,0,4,66,0.06,-2.490000000000001,,-4.898137873090937,743.66,NA
Daniel Norris,Tigers,pitcher,13475,69,4.44,1.33,0,3,66,0.05,-2.5200000000000014,,-4.957151582405286,691.71,NA
Tyler Matzek,Braves,pitcher,10058,52,3.98,1.4,1,3,65,0.04,-2.5200000000000014,,-4.957151582405286,669.93,NA
Trevor Richards,Rays,pitcher,19309,67.5,4.61,1.36,0,4,64,0.04,-2.530000000000001,,-4.976822818843402,738.22,NA
Sergio Romo,NA,pitcher,9817,63,4.43,1.3,0,3,63,0.03,-2.550000000000001,,-5.016165291719634,737.26,NA
Tyler Clippard,NA,pitcher,5640,56,4.35,1.25,0,3,58,0.02,-2.560000000000001,,-5.03583652815775,750.14,NA
Tim Hill,Padres,pitcher,16814,53,3.7,1.28,0,3,51,0.02,-2.570000000000001,,-5.055507764595867,NA,NA
Connor Brogdon,Phillies,pitcher,21205,55,4.37,1.31,0,3,67,0.02,-2.570000000000001,,-5.055507764595867,695.56,NA
Shane Greene,NA,pitcher,10756,62,4.22,1.31,0,3,59,-0,-2.610000000000001,,-5.134192710348332,687.23,NA
Kyle Wright,Braves,pitcher,19665,79.5,4.84,1.45,0,5,71,-0.01,-2.6200000000000014,,-5.153863946786449,564.79,NA
Ryan Thompson,Rays,pitcher,16647,56,4.27,1.33,2,3,48,-0.01,-2.6300000000000012,,-5.173535183224564,NA,NA
Felix Pena,Angels,pitcher,13403,59,4.31,1.31,0,3,62,-0.02,-2.6400000000000015,,-5.193206419662681,728.77,NA
Pedro Baez,Astros,pitcher,5420,60.5,4.33,1.3,0,3,60,-0.02,-2.6400000000000015,,-5.193206419662681,697.81,NA
Enoli Paredes,Astros,pitcher,20447,56,4.46,1.42,2,3,64,-0.03,-2.6500000000000012,,-5.212877656100797,705.08,NA
Felix Hernandez,Braves,pitcher,4772,101,5.24,1.44,0,5,80,-0.09,-2.760000000000001,,-5.429261256920075,749.14,NA
Cody Ponce,Pirates,pitcher,17920,93,5.02,1.46,0,5,76,-0.09,-2.7700000000000014,,-5.448932493358191,749.96,NA
Jeremy Jeffress,NA,pitcher,9490,64,4.26,1.39,0,4,56,-0.1,-2.780000000000001,drafted,-5.468603729796307,587.83,1
Jaime Barria,Angels,pitcher,18356,69,4.95,1.33,0,4,61,-0.1,-2.7900000000000014,,-5.488274966234424,643.42,NA
Riley Smith,Diamondbacks,pitcher,19826,74,4.63,1.39,0,4,62,-0.11,-2.7900000000000014,,-5.488274966234424,NA,NA
Trevor Cahill,NA,pitcher,6249,67,4.58,1.4,0,4,64,-0.11,-2.800000000000001,,-5.50794620267254,749.39,NA
Tommy Hunter,NA,pitcher,1157,56,4.19,1.26,0,3,50,-0.12,-2.8200000000000016,,-5.5472886755487725,NA,NA
Kyle Nelson,Indians,pitcher,20515,55,4.71,1.34,0,4,60,-0.14,-2.840000000000001,,-5.586631148425004,750.49,NA
Noe Ramirez,Reds,pitcher,12800,54.5,4.72,1.35,2,3,55,-0.15,-2.8700000000000014,,-5.645644857739353,748.91,NA
Hansel Robles,Twins,pitcher,11801,55,4.47,1.34,1,3,57,-0.15,-2.8800000000000012,,-5.665316094177469,713.51,NA
Mike Foltynewicz,NA,pitcher,10811,74,4.9,1.38,0,4,65,-0.17,-2.9000000000000012,,-5.704658567053702,662.23,NA
Nick Margevicius,Mariners,pitcher,20395,68.5,4.73,1.35,0,4,56,-0.18,-2.9200000000000017,,-5.744001039929935,728.54,NA
Buck Farmer,Tigers,pitcher,14814,63,4.62,1.41,2,3,56,-0.23,-3.020000000000002,,-5.940713404311097,747.36,NA
Matt Manning,Tigers,pitcher,sa917924,65,4.68,1.39,0,4,60,-0.23,-3.020000000000002,drafted,-5.940713404311097,547.11,0
Tony Watson,NA,pitcher,3132,58,4.19,1.28,0,3,46,-0.25,-3.0500000000000016,,-5.999727113625445,735.44,NA
Aaron Sanchez,NA,pitcher,11490,90,4.92,1.51,0,5,77,-0.25,-3.060000000000002,,-6.019398350063562,NA,NA
Brett Martin,Rangers,pitcher,17369,59,4.07,1.36,0,3,54,-0.26,-3.0800000000000014,,-6.058740822939794,NA,NA
Reynaldo Lopez,White Sox,pitcher,16400,65,4.83,1.37,0,4,59,-0.26,-3.0800000000000014,,-6.058740822939794,678.95,NA
Taylor Widener,Diamondbacks,pitcher,19266,56,4.63,1.38,1,3,60,-0.29,-3.120000000000002,,-6.1374257686922595,749.51,NA
Julian Merryweather,Blue Jays,pitcher,16703,64,4.61,1.36,0,3,63,-0.29,-3.120000000000002,,-6.1374257686922595,743.01,NA
Jose Cisnero,Tigers,pitcher,6399,61,4.5,1.39,0,3,65,-0.31,-3.1700000000000017,,-6.23578195088284,706.69,NA
Craig Stammen,Padres,pitcher,7274,49,3.98,1.26,0,3,43,-0.32,-3.1700000000000017,,-6.23578195088284,NA,NA
Blake Taylor,Astros,pitcher,16418,60,4.47,1.52,3,3,57,-0.32,-3.1800000000000015,,-6.255453187320956,748.36,NA
Joseph Palumbo,Rangers,pitcher,17035,61,4.56,1.39,0,3,66,-0.32,-3.1900000000000017,,-6.275124423759072,NA,NA
Joe Ross,Nationals,pitcher,12972,88,5.22,1.46,0,5,72,-0.33,-3.2000000000000015,,-6.294795660197188,655.72,NA
Patrick Sandoval,Angels,pitcher,19447,56,4.24,1.36,0,3,56,-0.34,-3.2100000000000017,,-6.314466896635305,601.3,NA
Taylor Hearn,Rangers,pitcher,18325,65,4.69,1.43,0,3,74,-0.34,-3.2100000000000017,,-6.314466896635305,750.41,NA
Caleb Thielbar,Twins,pitcher,10078,53,4.26,1.31,0,3,51,-0.34,-3.2100000000000017,,-6.314466896635305,NA,NA
Garrett Crochet,White Sox,pitcher,27463,45,3.66,1.21,0,2,46,-0.34,-3.2100000000000017,drafted,-6.314466896635305,573.07,0
Austin Voth,Nationals,pitcher,15047,70.5,5.1,1.39,0,4,65,-0.34,-3.220000000000002,,-6.334138133073422,692.59,NA
Shawn Armstrong,Orioles,pitcher,12857,60,4.58,1.37,0,3,62,-0.36,-3.260000000000002,,-6.412823078825887,750.72,NA
Sam Howard,Pirates,pitcher,16265,55.5,4.33,1.37,0,3,58,-0.37,-3.270000000000002,,-6.432494315264003,NA,NA
Miguel Castro,Mets,pitcher,15684,51.5,4.05,1.37,0,3,54,-0.38,-3.280000000000002,,-6.452165551702119,749.59,NA
Kyle Crick,Pirates,pitcher,13182,61.5,4.72,1.48,2,3,63,-0.38,-3.290000000000002,,-6.4718367881402346,728.89,NA
Cody Reed,Rays,pitcher,15232,50.5,3.81,1.34,0,2,55,-0.45,-3.410000000000002,,-6.70789162539763,750.9,NA
Gerardo Reyes,Angels,pitcher,16306,51,4.4,1.38,0,3,59,-0.45,-3.420000000000002,,-6.727562861835746,NA,NA
Jason Adam,Cubs,pitcher,11861,53,4.54,1.38,0,3,61,-0.45,-3.420000000000002,,-6.727562861835746,748.02,NA
Trevor Gott,Giants,pitcher,15046,54.5,4.32,1.36,0,3,53,-0.46,-3.440000000000002,,-6.7669053347119785,750.79,NA
Tommy Milone,NA,pitcher,7608,66,5.17,1.35,0,4,55,-0.47,-3.460000000000002,,-6.806247807588211,NA,NA
Tyler Webb,Cardinals,pitcher,14974,54,4.29,1.34,0,3,49,-0.48,-3.470000000000002,,-6.825919044026326,NA,NA
Matt Foster,White Sox,pitcher,19647,54,4.54,1.39,0,4,49,-0.48,-3.480000000000002,,-6.845590280464443,723.14,NA
Ryan Helsley,Cardinals,pitcher,18138,52,4.4,1.39,2,2,52,-0.49,-3.490000000000002,,-6.865261516902559,726.91,NA
Dillon Tate,Orioles,pitcher,17796,63.5,4.69,1.39,1,3,52,-0.5,-3.510000000000002,,-6.904603989778791,736.76,NA
Wander Suero,Nationals,pitcher,15855,50,4.4,1.33,0,3,51,-0.5,-3.510000000000002,,-6.904603989778791,NA,NA
Austin Brice,Red Sox,pitcher,17237,53,4.55,1.35,0,3,55,-0.5,-3.510000000000002,,-6.904603989778791,NA,NA
Ryan Borucki,Blue Jays,pitcher,16350,57,4.4,1.38,0,3,54,-0.52,-3.5400000000000023,,-6.963617699093141,746.29,NA
Joe Kelly,Dodgers,pitcher,9761,47,3.97,1.37,0,3,48,-0.54,-3.5800000000000023,,-7.042302644845606,749.43,NA
Darwinzon Hernandez,Red Sox,pitcher,19848,55,4.36,1.52,0,3,72,-0.55,-3.590000000000002,drafted,-7.061973881283722,667.69,0
Keynan Middleton,Mariners,pitcher,15264,58,4.36,1.38,0,2,63,-0.55,-3.6000000000000023,,-7.0816451177218385,743.95,NA
Alex Claudio,Angels,pitcher,12890,55,4.02,1.34,0,3,39,-0.58,-3.650000000000002,,-7.180001299912418,NA,NA
Tyson Ross,NA,pitcher,7872,93,5.2,1.51,0,5,73,-0.59,-3.6600000000000024,,-7.199672536350535,NA,NA
Dan Altavilla,Padres,pitcher,16507,45.5,4.27,1.39,0,3,54,-0.59,-3.670000000000002,,-7.219343772788651,NA,NA
Taylor Clarke,Diamondbacks,pitcher,17611,63,4.75,1.38,0,3,57,-0.59,-3.670000000000002,,-7.219343772788651,747.37,NA
James Hoyt,Marlins,pitcher,14605,53.5,4.09,1.38,0,2,57,-0.61,-3.7000000000000024,,-7.278357482103,745.79,NA
John Gant,Cardinals,pitcher,13684,51.5,4.2,1.38,0,3,48,-0.62,-3.7200000000000024,,-7.317699954979233,729.83,NA
Duane Underwood Jr.,Cubs,pitcher,14677,52.5,4.54,1.38,0,3,54,-0.62,-3.7200000000000024,,-7.317699954979233,750.36,NA
Bruce Zimmermann,Orioles,pitcher,20370,106,5.41,1.52,0,5,86,-0.62,-3.7200000000000024,,-7.317699954979233,748.82,NA
Brandon Kintzler,NA,pitcher,9939,60,4.34,1.36,0,3,44,-0.63,-3.740000000000002,drafted,-7.357042427855465,455.17,1
Justin Topa,Brewers,pitcher,15145,55,4.46,1.38,0,3,51,-0.64,-3.750000000000002,,-7.376713664293581,748.35,NA
Ryan Sherriff,Rays,pitcher,12249,56,4.38,1.38,1,3,40,-0.64,-3.760000000000002,,-7.396384900731697,NA,NA
Braxton Garrett,Marlins,pitcher,21844,65,4.71,1.48,0,4,58,-0.64,-3.7700000000000022,,-7.4160561371698135,743.08,NA
Eric Yardley,Brewers,pitcher,15538,57,4.2,1.37,0,3,43,-0.65,-3.7700000000000022,,-7.4160561371698135,NA,NA
Grant Dayton,Braves,pitcher,11203,44,4.25,1.27,0,2,49,-0.68,-3.8300000000000023,,-7.534083555798511,750.49,NA
Casey Sadler,Mariners,pitcher,11209,58.5,4.42,1.34,0,2,53,-0.68,-3.8300000000000023,,-7.534083555798511,NA,NA
Forrest Whitley,Astros,pitcher,sa917930,65,5.03,1.51,0,4,69,-0.68,-3.8300000000000023,drafted,-7.534083555798511,566.4,0
Tyler Chatwood,Blue Jays,pitcher,4338,67,4.74,1.54,0,4,67,-0.69,-3.8500000000000023,,-7.573426028674743,684.71,NA
Ryne Stanek,Astros,pitcher,15947,47,4.36,1.34,0,2,56,-0.7,-3.8700000000000023,,-7.612768501550976,748.29,NA
Jorge Alcala,Twins,pitcher,19459,53.5,4.53,1.41,0,3,54,-0.7,-3.880000000000002,,-7.632439737989092,737.07,NA
Ray Black,Brewers,pitcher,14244,47,4.35,1.37,0,2,58,-0.74,-3.9300000000000024,,-7.7307959201796725,NA,NA
Nick Neidert,Marlins,pitcher,18699,74,5.05,1.45,0,4,58,-0.74,-3.9300000000000024,,-7.7307959201796725,750.92,NA
Jorge Lopez,Orioles,pitcher,14527,84.5,5.3,1.46,0,4,68,-0.75,-3.960000000000002,,-7.789809629494021,750.74,NA
Andrew Cashner,NA,pitcher,8782,76,5.02,1.46,0,4,58,-0.76,-3.990000000000002,,-7.848823338808369,NA,NA
Jace Fry,White Sox,pitcher,16159,47,3.99,1.4,0,2,54,-0.77,-3.990000000000002,,-7.848823338808369,NA,NA
Corbin Martin,Diamondbacks,pitcher,19884,57.5,4.71,1.41,0,3,54,-0.77,-4.000000000000002,drafted,-7.868494575246485,646.01,0
Shaun Anderson,Giants,pitcher,19453,64,4.7,1.42,0,3,54,-0.78,-4.020000000000002,,-7.907837048122718,750.34,NA
Miguel Yajure,Pirates,pitcher,21111,61,4.76,1.39,0,3,51,-0.79,-4.020000000000002,,-7.907837048122718,740.83,NA
Brooks Raley,Astros,pitcher,10061,54,4.61,1.4,0,3,50,-0.8,-4.050000000000002,,-7.966850757437066,745.94,NA
Richard Lovelady,Royals,pitcher,19337,52.5,4.13,1.35,0,2,46,-0.81,-4.060000000000002,,-7.986521993875184,NA,NA
Mike Montgomery,NA,pitcher,4869,69,4.69,1.44,0,3,54,-0.84,-4.130000000000002,,-8.124220648941996,NA,NA
Jeff Hoffman,Reds,pitcher,17432,57,5.03,1.42,0,3,58,-0.87,-4.1800000000000015,,-8.222576831132576,733.11,NA
Blake Parker,NA,pitcher,5224,42,4.37,1.3,0,2,47,-0.88,-4.190000000000001,,-8.242248067570692,750.91,NA
John King,Rangers,pitcher,22051,56,4.61,1.39,0,3,45,-0.88,-4.190000000000001,,-8.242248067570692,NA,NA
Josh Tomlin,Braves,pitcher,9388,51.5,5,1.29,0,3,40,-0.89,-4.2200000000000015,,-8.301261776885042,747.48,NA
Jacob Webb,Braves,pitcher,19274,51,4.49,1.45,0,3,51,-0.89,-4.2200000000000015,,-8.301261776885042,750.04,NA
Cam Bedrosian,NA,pitcher,13360,50,4.31,1.36,0,2,48,-0.9,-4.230000000000001,,-8.320933013323158,NA,NA
Oliver Perez,NA,pitcher,1514,40,4.09,1.27,0,2,40,-0.9,-4.230000000000001,,-8.320933013323158,NA,NA
Trent Thornton,Blue Jays,pitcher,17948,53,4.92,1.38,0,3,49,-0.91,-4.250000000000001,,-8.360275486199388,750.81,NA
Aaron Loup,Mets,pitcher,10343,40,3.91,1.31,0,2,40,-0.93,-4.290000000000001,,-8.438960431951854,NA,NA
Bryse Wilson,Braves,pitcher,19990,44,4.55,1.35,0,3,40,-0.94,-4.300000000000001,,-8.45863166838997,639.7,NA
Genesis Cabrera,Cardinals,pitcher,17490,45,4.28,1.38,0,2,50,-0.94,-4.3100000000000005,drafted,-8.478302904828086,705.74,6
Robert Stephenson,Rockies,pitcher,13594,53,5.06,1.44,1,2,61,-0.95,-4.3100000000000005,,-8.478302904828086,725.91,NA
Kyle McGowin,Nationals,pitcher,15071,46.5,4.61,1.34,0,2,49,-0.98,-4.370000000000001,,-8.596330323456783,NA,NA
James Kaprielian,Athletics,pitcher,18331,53,4.81,1.34,0,2,50,-0.99,-4.390000000000001,,-8.635672796333015,727.48,NA
Sean Hjelle,Giants,pitcher,sa3007989,56,4.44,1.42,0,3,41,-0.99,-4.390000000000001,,-8.635672796333015,750.72,NA
Scott Oberg,Rockies,pitcher,13911,31,4.18,1.34,2,2,30,-1.02,-4.45,,-8.753700214961711,655.63,NA
Wes Benjamin,Rangers,pitcher,19243,86,5.46,1.49,0,4,68,-1.03,-4.470000000000001,,-8.793042687837945,NA,NA
Jose De Leon,Reds,pitcher,15463,53,5.1,1.49,0,3,62,-1.03,-4.470000000000001,,-8.793042687837945,716.22,NA
Tyler Beede,Giants,pitcher,16981,54,4.88,1.46,0,3,52,-1.07,-4.55,,-8.950412579342872,730.9,NA
Adam Cimber,Marlins,pitcher,15288,56,4.37,1.36,0,2,39,-1.08,-4.56,,-8.970083815780988,NA,NA
Ryan Hendrix,Reds,pitcher,sa738145,42,4.53,1.48,0,3,48,-1.08,-4.56,,-8.970083815780988,750.83,NA
Carlos Estevez,Rockies,pitcher,14542,48,4.74,1.38,0,2,51,-1.08,-4.569999999999999,,-8.989755052219104,750.7,NA
Tyler Alexander,Tigers,pitcher,17735,51,4.77,1.33,0,2,44,-1.1,-4.59,,-9.029097525095338,749.7,NA
Zac Lowther,Orioles,pitcher,sa915645,65,5.33,1.5,0,4,57,-1.1,-4.59,,-9.029097525095338,747.9,NA
Luis Cessa,Yankees,pitcher,13345,52.5,4.62,1.38,0,2,47,-1.1,-4.59,,-9.029097525095338,750.28,NA
Jhoan Duran,Twins,pitcher,sa873347,46,4.65,1.43,0,3,43,-1.11,-4.609999999999999,,-9.068439997971568,734.41,NA
Brandon Brennan,Mariners,pitcher,13527,50,4.4,1.42,0,2,48,-1.12,-4.619999999999999,,-9.088111234409684,NA,NA
Sal Romano,Reds,pitcher,13690,48.5,4.82,1.42,0,3,44,-1.12,-4.629999999999999,,-9.1077824708478,NA,NA
Jeurys Familia,Mets,pitcher,5114,49.5,4.25,1.46,0,2,50,-1.12,-4.64,,-9.127453707285918,750.32,NA
Josh Taylor,Red Sox,pitcher,17359,38.5,4.15,1.37,0,2,42,-1.13,-4.64,,-9.127453707285918,NA,NA
Michael Baumann,Orioles,pitcher,sa829681,93,5.65,1.55,0,5,75,-1.13,-4.64,,-9.127453707285918,750.44,NA
Luke Jackson,Braves,pitcher,11752,42,4.2,1.39,0,2,43,-1.13,-4.6499999999999995,,-9.147124943724034,749.21,NA
Dennis Santana,Dodgers,pitcher,17878,37.5,4.56,1.4,0,3,39,-1.13,-4.6499999999999995,drafted,-9.147124943724034,748.72,0
Adam Kolarek,Dodgers,pitcher,10843,39,3.77,1.31,0,2,30,-1.14,-4.659999999999999,,-9.16679618016215,NA,NA
Dylan Floro,Dodgers,pitcher,13394,41,4.07,1.32,0,2,34,-1.14,-4.659999999999999,,-9.16679618016215,748.99,NA
Luis Garcia,Astros,pitcher,23735,47,4.77,1.47,0,3,48,-1.15,-4.68,,-9.206138653038384,615.17,NA
Luis Garcia,Astros,pitcher,23735,47,4.77,1.47,0,3,48,-1.15,-4.68,,-9.206138653038384,680.2,NA
Luis Garcia,Astros,pitcher,23735,47,4.77,1.47,0,3,48,-1.15,-4.68,,-9.206138653038384,615.17,NA
Luis Garcia,Astros,pitcher,23735,47,4.77,1.47,0,3,48,-1.15,-4.68,,-9.206138653038384,680.2,NA
Ian Kennedy,NA,pitcher,6986,38,4.46,1.3,0,2,39,-1.15,-4.68,,-9.206138653038384,750.43,NA
Wandy Peralta,Giants,pitcher,14295,50.5,4.26,1.42,0,2,43,-1.17,-4.719999999999999,,-9.284823598790846,NA,NA
Paul Blackburn,Athletics,pitcher,14739,57,4.81,1.4,0,3,38,-1.17,-4.719999999999999,,-9.284823598790846,NA,NA
Nate Jones,NA,pitcher,4696,40,4.4,1.36,0,2,42,-1.17,-4.729999999999999,,-9.304494835228962,NA,NA
Jordan Weems,Athletics,pitcher,13190,56,5.05,1.55,2,2,57,-1.19,-4.759999999999999,,-9.363508544543311,745.59,NA
Jeff Brigham,Marlins,pitcher,16631,40,4.4,1.36,0,2,40,-1.22,-4.809999999999999,,-9.461864726733891,NA,NA
Kyle Zimmer,Royals,pitcher,14169,55,4.56,1.49,0,2,55,-1.23,-4.8199999999999985,,-9.481535963172007,742.13,NA
Cameron Hill,Indians,pitcher,16840,42,5.01,1.42,0,3,43,-1.23,-4.829999999999998,,-9.501207199610123,NA,NA
Bobby Wahl,Brewers,pitcher,14832,33.5,4.3,1.36,0,2,41,-1.23,-4.829999999999998,,-9.501207199610123,NA,NA
Ryan Tepera,NA,pitcher,10291,36,4.32,1.35,0,2,39,-1.24,-4.839999999999999,,-9.52087843604824,750.09,NA
Keury Mella,Diamondbacks,pitcher,15964,60,4.93,1.48,0,3,49,-1.25,-4.8599999999999985,,-9.560220908924473,NA,NA
Jake Newberry,Royals,pitcher,15136,57,4.72,1.46,0,2,53,-1.25,-4.869999999999998,,-9.579892145362589,NA,NA
John Schreiber,Tigers,pitcher,20020,38,4.49,1.32,0,2,37,-1.25,-4.869999999999998,,-9.579892145362589,NA,NA
Phillips Valdez,Red Sox,pitcher,15605,56,4.82,1.5,0,3,49,-1.25,-4.869999999999998,,-9.579892145362589,NA,NA
Cole Sulser,Orioles,pitcher,15256,42,4.6,1.39,0,2,44,-1.26,-4.879999999999998,,-9.599563381800705,745.34,NA
Chasen Shreve,NA,pitcher,10855,35,4.37,1.37,0,2,41,-1.26,-4.879999999999998,,-9.599563381800705,750.89,NA
Wil Crowe,Pirates,pitcher,19800,113,5.59,1.57,0,5,83,-1.27,-4.899999999999998,,-9.638905854676935,748.64,NA
Joe Ryan,NA,pitcher,sa3007584,37,4.73,1.3,0,2,38,-1.27,-4.899999999999998,,-9.638905854676935,709.49,NA
Travis Lakins,Orioles,pitcher,18600,54.5,4.94,1.49,0,3,49,-1.27,-4.909999999999998,,-9.658577091115053,NA,NA
Conner Menez,Giants,pitcher,19199,36,4.24,1.38,0,2,39,-1.27,-4.909999999999998,,-9.658577091115053,NA,NA
Shun Yamaguchi,Blue Jays,pitcher,27460,41,4.71,1.39,0,2,44,-1.3,-4.959999999999998,,-9.756933273305634,NA,NA
Travis Bergen,Diamondbacks,pitcher,18581,53.5,4.8,1.48,0,2,55,-1.31,-4.969999999999998,,-9.77660450974375,NA,NA
Ben Heller,Yankees,pitcher,15100,34,4.34,1.35,0,2,37,-1.31,-4.979999999999998,,-9.796275746181866,NA,NA
Jonathan Stiever,White Sox,pitcher,24584,51,5.49,1.38,0,3,43,-1.32,-4.989999999999998,,-9.815946982619982,750.71,NA
Brad Boxberger,NA,pitcher,10133,45,4.64,1.47,0,2,49,-1.35,-5.039999999999997,,-9.914303164810562,NA,NA
Jordan Zimmermann,NA,pitcher,4505,56,5.37,1.4,0,3,42,-1.35,-5.049999999999998,,-9.93397440124868,749.94,NA
Kyle Finnegan,Nationals,pitcher,15009,38,4.44,1.41,0,2,40,-1.37,-5.079999999999997,,-9.992988110563026,NA,NA
David Bednar,Pirates,pitcher,19569,39.5,4.29,1.34,0,1,42,-1.37,-5.079999999999997,,-9.992988110563026,750.83,NA
Nik Turley,Athletics,pitcher,5530,45.5,4.66,1.45,0,2,46,-1.37,-5.089999999999998,,-10.012659347001144,NA,NA
Yoshihisa Hirano,NA,pitcher,19756,46,4.63,1.42,0,2,42,-1.37,-5.089999999999998,,-10.012659347001144,748.22,NA
Ian Gibaut,Twins,pitcher,17871,39.5,4.48,1.45,0,2,43,-1.39,-5.129999999999997,,-10.091344292753607,NA,NA
Jose Alvarez,NA,pitcher,5358,35,4.27,1.34,0,2,31,-1.4,-5.139999999999997,,-10.111015529191723,NA,NA
Brad Wieck,Cubs,pitcher,16390,32,4.23,1.3,0,1,40,-1.41,-5.1599999999999975,,-10.150358002067957,NA,NA
Kyle Ryan,Cubs,pitcher,11753,51.5,4.6,1.46,0,2,44,-1.41,-5.1599999999999975,,-10.150358002067957,NA,NA
Josh James,Astros,pitcher,16794,24.5,3.97,1.33,0,2,32,-1.42,-5.179999999999997,,-10.189700474944187,731.01,NA
Yoan Lopez,Diamondbacks,pitcher,17181,44,4.69,1.4,0,2,39,-1.42,-5.179999999999997,,-10.189700474944187,749.24,NA
Ranger Suarez,Phillies,pitcher,17277,45,4.55,1.4,0,2,36,-1.43,-5.199999999999997,,-10.22904294782042,NA,NA
Dan Winkler,Cubs,pitcher,12237,49,4.79,1.48,0,2,49,-1.44,-5.209999999999996,,-10.248714184258535,750.36,NA
Ryne Harper,Nationals,pitcher,12680,34,4.59,1.32,0,2,32,-1.44,-5.219999999999997,,-10.268385420696653,NA,NA
Kyle Keller,Angels,pitcher,18890,29,4.3,1.35,0,2,33,-1.45,-5.219999999999997,,-10.268385420696653,NA,NA
Joe Mantiply,NA,pitcher,14857,47,4.49,1.37,0,1,42,-1.45,-5.229999999999997,,-10.288056657134769,NA,NA
Erik Swanson,Mariners,pitcher,16587,36.5,4.55,1.27,0,1,37,-1.45,-5.239999999999997,,-10.307727893572885,NA,NA
Brad Brach,Mets,pitcher,6627,41.5,4.58,1.45,0,2,41,-1.47,-5.259999999999997,,-10.347070366449119,NA,NA
Jonathan Holder,Cubs,pitcher,16588,32.5,4.39,1.32,0,2,29,-1.47,-5.269999999999997,,-10.366741602887233,NA,NA
Josiah Gray,NA,pitcher,sa3007475,37,4.77,1.31,0,2,31,-1.47,-5.269999999999997,,-10.366741602887233,700.87,NA
Carlos Hernandez,Royals,pitcher,22713,52,5.1,1.5,0,3,44,-1.49,-5.299999999999996,,-10.42575531220158,750.28,NA
Edward Cabrera,Marlins,pitcher,sa920423,42,4.58,1.45,0,2,40,-1.49,-5.309999999999996,drafted,-10.445426548639697,588.92,1
Aaron Slegers,Rays,pitcher,15231,40.5,4.65,1.34,0,2,30,-1.49,-5.309999999999996,,-10.445426548639697,NA,NA
Steve Cishek,NA,pitcher,6483,35,4.46,1.38,0,2,33,-1.49,-5.309999999999996,,-10.445426548639697,NA,NA
David Hale,Phillies,pitcher,9756,46,4.72,1.4,0,2,36,-1.5,-5.309999999999996,,-10.445426548639697,NA,NA
Michael King,Yankees,pitcher,19853,31,4.46,1.29,0,2,27,-1.5,-5.319999999999997,,-10.465097785077814,740.64,NA
Derek Holland,NA,pitcher,4141,44,5.01,1.43,0,2,44,-1.51,-5.3299999999999965,,-10.48476902151593,NA,NA
Cole Irvin,Athletics,pitcher,19244,45,4.86,1.36,0,2,33,-1.52,-5.359999999999996,,-10.543782730830277,NA,NA
Jose Quijada,Angels,pitcher,19200,31.5,4.53,1.43,0,2,37,-1.54,-5.389999999999996,,-10.602796440144626,NA,NA
Chaz Roe,NA,pitcher,9866,28,4.24,1.37,0,2,30,-1.55,-5.409999999999996,,-10.642138913020858,NA,NA
Pedro Strop,NA,pitcher,4070,36,4.54,1.41,0,2,34,-1.55,-5.409999999999996,,-10.642138913020858,NA,NA
Jimmy Herget,Rangers,pitcher,17556,51.5,5.01,1.49,0,2,49,-1.57,-5.449999999999996,,-10.720823858773322,NA,NA
Nick Nelson,Yankees,pitcher,20153,42,4.71,1.51,0,2,45,-1.57,-5.449999999999996,,-10.720823858773322,NA,NA
Cionel Perez,Reds,pitcher,19614,37.5,4.14,1.4,0,1,38,-1.57,-5.449999999999996,,-10.720823858773322,NA,NA
Luke Bard,Angels,pitcher,14288,34,4.79,1.38,0,2,34,-1.58,-5.4599999999999955,,-10.740495095211438,NA,NA
Sean Newcomb,Braves,pitcher,16943,31.5,4.37,1.4,0,2,31,-1.58,-5.469999999999996,,-10.760166331649556,750.75,NA
Sean Poppen,Pirates,pitcher,19583,44.5,4.7,1.46,0,2,39,-1.58,-5.469999999999996,,-10.760166331649556,NA,NA
J.P. Feyereisen,Brewers,pitcher,16610,28,4.44,1.39,0,2,32,-1.58,-5.469999999999996,,-10.760166331649556,NA,NA
Daniel Zamora,Mets,pitcher,17811,30,4.01,1.31,0,1,32,-1.59,-5.479999999999996,,-10.779837568087672,NA,NA
Connor Seabold,Red Sox,pitcher,sa829464,37,4.9,1.37,0,2,32,-1.62,-5.539999999999996,,-10.89786498671637,NA,NA
Alec Bettinger,Brewers,pitcher,sa873670,36,4.97,1.37,0,2,33,-1.63,-5.549999999999995,,-10.917536223154483,750.42,NA
Javier Guerra,Padres,pitcher,17292,34.5,4.28,1.34,0,1,33,-1.64,-5.569999999999996,,-10.956878696030717,NA,NA
Jimmy Cordero,White Sox,pitcher,15690,37,4.41,1.45,0,2,32,-1.64,-5.569999999999996,,-10.956878696030717,NA,NA
JoJo Romero,Phillies,pitcher,19574,38,4.68,1.44,0,2,34,-1.66,-5.599999999999995,,-11.015892405345065,NA,NA
Geoff Hartlieb,Pirates,pitcher,19558,38.5,4.49,1.48,0,2,35,-1.66,-5.609999999999995,,-11.035563641783181,NA,NA
Steven Wright,NA,pitcher,8185,65,5.36,1.52,0,3,49,-1.66,-5.609999999999995,,-11.035563641783181,NA,NA
Caleb Baragar,Giants,pitcher,19231,33,4.74,1.38,0,2,30,-1.66,-5.609999999999995,,-11.035563641783181,NA,NA
Andres Munoz,Mariners,pitcher,20373,19.5,3.69,1.32,1,1,25,-1.67,-5.619999999999995,,-11.055234878221297,709.11,NA
Trevor Stephan,Indians,pitcher,sa918441,35,4.91,1.41,0,2,34,-1.67,-5.629999999999995,,-11.074906114659413,NA,NA
Scott Alexander,Dodgers,pitcher,10591,29.5,3.91,1.42,0,2,24,-1.68,-5.639999999999995,,-11.094577351097529,NA,NA
Mitchell White,Dodgers,pitcher,19225,31,4.66,1.37,0,2,28,-1.68,-5.639999999999995,,-11.094577351097529,NA,NA
Eli Morgan,Indians,pitcher,sa915827,38,5.16,1.38,0,2,34,-1.68,-5.649999999999995,,-11.114248587535645,750.52,NA
Erick Fedde,Nationals,pitcher,17425,62.5,5.23,1.52,0,3,44,-1.69,-5.649999999999995,,-11.114248587535645,746.87,NA
Robert Gsellman,Mets,pitcher,13696,43,4.87,1.43,0,2,34,-1.69,-5.659999999999995,drafted,-11.133919823973761,NA,1
Zach Pop,Marlins,pitcher,sa829370,35,4.54,1.44,0,2,31,-1.69,-5.659999999999995,,-11.133919823973761,NA,NA
Touki Toussaint,Braves,pitcher,16929,29,4.56,1.46,0,2,33,-1.7,-5.689999999999995,,-11.19293353328811,748.59,NA
Tyler Zuber,Royals,pitcher,20379,30,4.66,1.42,0,2,31,-1.7,-5.689999999999995,,-11.19293353328811,750.52,NA
Anthony Kay,Blue Jays,pitcher,20387,37.5,4.84,1.46,0,2,36,-1.71,-5.689999999999995,,-11.19293353328811,746.81,NA
Ross Detwiler,Marlins,pitcher,2859,55,4.97,1.48,0,2,40,-1.75,-5.7599999999999945,,-11.330632188354922,NA,NA
Colten Brewer,Red Sox,pitcher,12997,35,4.71,1.48,0,2,34,-1.76,-5.779999999999995,,-11.369974661231156,NA,NA
Dany Jimenez,Athletics,pitcher,21170,29,4.62,1.44,0,2,30,-1.76,-5.779999999999995,,-11.369974661231156,NA,NA
Tyler Kinley,Rockies,pitcher,18297,52.5,5.23,1.57,0,2,56,-1.76,-5.789999999999995,,-11.389645897669272,NA,NA
Shelby Miller,NA,pitcher,10197,56,5.43,1.55,0,3,47,-1.76,-5.7999999999999945,,-11.409317134107388,NA,NA
Scott Moss,Indians,pitcher,sa738902,35,4.93,1.47,0,2,35,-1.78,-5.819999999999994,,-11.44865960698362,747.32,NA
Junior Guerra,Angels,pitcher,5702,30,4.68,1.43,0,2,28,-1.8,-5.859999999999994,,-11.527344552736084,NA,NA
Edgar Santana,Pirates,pitcher,17355,37,4.59,1.37,0,1,32,-1.8,-5.859999999999994,,-11.527344552736084,NA,NA
Humberto Mejia,Diamondbacks,pitcher,20739,38,5.18,1.42,0,2,33,-1.8,-5.859999999999994,,-11.527344552736084,NA,NA
Bud Norris,NA,pitcher,9492,24,4.6,1.4,0,2,26,-1.8,-5.869999999999994,,-11.5470157891742,NA,NA
Hunter Wood,NA,pitcher,15091,30,4.39,1.35,0,1,30,-1.81,-5.879999999999994,,-11.566687025612316,NA,NA
Cory Abbott,Cubs,pitcher,sa3005305,37,5.09,1.46,0,2,35,-1.81,-5.879999999999994,,-11.566687025612316,744.9,NA
Clarke Schmidt,Yankees,pitcher,19899,31,4.81,1.42,0,2,28,-1.81,-5.879999999999994,drafted,-11.566687025612316,565.67,1
Heath Hembree,NA,pitcher,11632,32,4.8,1.36,0,1,34,-1.83,-5.909999999999994,,-11.625700734926665,NA,NA
Yency Almonte,Rockies,pitcher,15068,54,5.24,1.53,0,2,48,-1.84,-5.939999999999993,,-11.684714444241012,748.85,NA
Jairo Diaz,Rockies,pitcher,12774,43,5.05,1.52,0,2,40,-1.85,-5.949999999999994,,-11.70438568067913,746.43,NA
Demarcus Evans,Rangers,pitcher,21087,33,4.5,1.48,0,1,39,-1.85,-5.959999999999994,,-11.724056917117245,687.32,NA
Andrew Kittredge,NA,pitcher,12828,21,3.75,1.24,0,1,21,-1.86,-5.9699999999999935,,-11.743728153555361,NA,NA
Taylor Guilbeau,Diamondbacks,pitcher,18306,36,4.68,1.49,0,2,30,-1.86,-5.979999999999993,,-11.763399389993477,NA,NA
Tyler Phillips,Rangers,pitcher,sa875646,31,4.81,1.37,0,2,22,-1.86,-5.979999999999993,,-11.763399389993477,NA,NA
Jose Suarez,Angels,pitcher,19911,37.5,5.12,1.48,0,2,35,-1.87,-5.979999999999993,,-11.763399389993477,NA,NA
Chris Devenski,NA,pitcher,12763,25,4.47,1.28,0,1,26,-1.87,-5.989999999999994,,-11.783070626431595,748.5,NA
Rogelio Armenteros,Nationals,pitcher,17679,33.5,5.17,1.45,0,2,31,-1.9,-6.039999999999993,,-11.881426808622173,NA,NA
Huascar Ynoa,Braves,pitcher,20468,33,4.86,1.51,0,2,32,-1.9,-6.049999999999994,,-11.90109804506029,750.83,NA
T.J. McFarland,NA,pitcher,3237,38,4.52,1.46,0,2,23,-1.91,-6.059999999999993,,-11.920769281498407,NA,NA
Ronald Bolanos,Royals,pitcher,20041,40.5,5.04,1.53,0,2,36,-1.95,-6.129999999999993,,-12.058467936565219,NA,NA
Jordan Yamamoto,Mets,pitcher,17585,34.5,5.25,1.46,0,2,31,-1.95,-6.129999999999993,,-12.058467936565219,749.07,NA
Austin Pruitt,Astros,pitcher,15290,29,4.52,1.33,0,1,24,-1.96,-6.149999999999992,,-12.09781040944145,750.19,NA
Zack Godley,NA,pitcher,14862,33,5.1,1.48,0,2,30,-1.96,-6.159999999999993,,-12.117481645879568,NA,NA
Kodi Whitley,Cardinals,pitcher,19731,32,4.62,1.4,0,1,29,-1.97,-6.169999999999993,,-12.137152882317684,NA,NA
Wade Davis,Royals,pitcher,7441,33,5.11,1.51,0,2,32,-1.98,-6.179999999999993,,-12.1568241187558,NA,NA
Johan Oviedo,Cardinals,pitcher,22487,53,5.41,1.61,0,3,44,-1.98,-6.189999999999992,,-12.176495355193916,750.04,NA
Wade LeBlanc,NA,pitcher,5221,56,5.61,1.45,0,2,39,-1.99,-6.199999999999992,,-12.19616659163203,NA,NA
Jose Castillo,Padres,pitcher,17169,14,3.47,1.18,0,1,18,-2,-6.229999999999992,,-12.25518030094638,747.47,NA
Kelvin Herrera,NA,pitcher,6033,25,4.44,1.33,0,1,23,-2.01,-6.239999999999992,,-12.274851537384496,NA,NA
Robert Dugger,Mariners,pitcher,19191,30.5,5.21,1.42,0,2,24,-2.02,-6.249999999999992,,-12.294522773822612,NA,NA
Ryan Weathers,Padres,pitcher,sa3008436,34,4.94,1.47,0,2,25,-2.02,-6.249999999999992,,-12.294522773822612,742.78,NA
Brett de Geus,Rangers,pitcher,sa3006813,42,4.94,1.55,0,2,34,-2.02,-6.259999999999993,,-12.31419401026073,NA,NA
Jacob Barnes,Mets,pitcher,12323,22,4.19,1.35,0,1,23,-2.02,-6.259999999999993,,-12.31419401026073,NA,NA
Hector Rondon,NA,pitcher,2391,24,4.41,1.34,0,1,23,-2.03,-6.2699999999999925,,-12.333865246698846,NA,NA
Dillon Peters,Angels,pitcher,18790,33,4.79,1.4,0,1,28,-2.04,-6.299999999999992,,-12.392878956013192,NA,NA
Taylor Williams,Padres,pitcher,14899,25,4.36,1.4,0,1,25,-2.05,-6.309999999999992,,-12.412550192451308,750.22,NA
Ivan Nova,Phillies,pitcher,1994,46,5.39,1.45,0,2,30,-2.05,-6.309999999999992,,-12.412550192451308,750.75,NA
Matt Bush,NA,pitcher,1246,25,4.47,1.37,0,1,24,-2.05,-6.309999999999992,,-12.412550192451308,NA,NA
Brad Peacock,NA,pitcher,5401,20,4.38,1.32,0,1,22,-2.06,-6.339999999999992,,-12.471563901765657,NA,NA
Jeffrey Springs,Red Sox,pitcher,17677,20.5,4.41,1.36,0,1,24,-2.06,-6.339999999999992,,-12.471563901765657,750.93,NA
Oliver Drake,NA,pitcher,8823,18,3.92,1.3,0,1,19,-2.06,-6.339999999999992,,-12.471563901765657,NA,NA
Tyson Miller,Cubs,pitcher,19976,46,5.54,1.48,0,2,35,-2.07,-6.349999999999992,,-12.491235138203773,750.76,NA
Ljay Newsome,Mariners,pitcher,19942,28,5.01,1.29,0,1,22,-2.07,-6.349999999999992,,-12.491235138203773,749.47,NA
Carson Fulmer,Pirates,pitcher,18311,42,5.29,1.58,0,2,40,-2.08,-6.369999999999992,,-12.530577611080007,NA,NA
Brandon Bielak,Astros,pitcher,19866,28,5.14,1.47,0,2,24,-2.08,-6.369999999999992,,-12.530577611080007,750.87,NA
Tyler Ivey,Astros,pitcher,sa3004574,24,4.67,1.36,0,1,24,-2.09,-6.379999999999992,,-12.550248847518123,748.36,NA
John Brebbia,Giants,pitcher,12777,15.5,3.98,1.22,0,1,17,-2.09,-6.389999999999992,,-12.569920083956237,750.8,NA
Tyler Wells,Orioles,pitcher,sa918346,27,5.43,1.46,0,2,24,-2.13,-6.459999999999991,,-12.70761873902305,NA,NA
Dillon Maples,Cubs,pitcher,14672,19.5,4.13,1.52,0,1,27,-2.14,-6.4799999999999915,,-12.746961211899283,NA,NA
Michel Baez,Padres,pitcher,20100,21,4.38,1.4,0,1,22,-2.15,-6.499999999999991,,-12.786303684775515,NA,NA
Victor Arano,Braves,pitcher,15915,17.5,4.29,1.33,0,1,19,-2.16,-6.519999999999991,,-12.825646157651747,NA,NA
James Norwood,Cubs,pitcher,16440,26,4.78,1.48,0,1,29,-2.16,-6.519999999999991,,-12.825646157651747,NA,NA
Chad Sobotka,Braves,pitcher,17470,23,4.59,1.45,0,1,25,-2.18,-6.539999999999991,,-12.86498863052798,NA,NA
Jake Woodford,Cardinals,pitcher,18674,31,5.29,1.51,0,2,25,-2.18,-6.549999999999991,,-12.884659866966096,NA,NA
Bryan Abreu,Astros,pitcher,16609,25,4.61,1.52,0,1,29,-2.18,-6.559999999999991,,-12.904331103404212,745.63,NA
Jorge Guzman,Marlins,pitcher,17505,62,5.73,1.65,0,3,54,-2.19,-6.579999999999991,,-12.943673576280444,NA,NA
Drew Smith,Mets,pitcher,17755,21,4.61,1.37,0,1,20,-2.2,-6.589999999999991,,-12.96334481271856,NA,NA
Tucker Davidson,Braves,pitcher,19871,28,5,1.57,0,2,24,-2.21,-6.6099999999999905,,-13.002687285594792,750.55,NA
T.J. Zeuch,Blue Jays,pitcher,19269,41.5,5.24,1.51,0,2,26,-2.21,-6.6099999999999905,,-13.002687285594792,NA,NA
Yennsy Diaz,Mets,pitcher,20218,37,5.44,1.55,0,2,31,-2.22,-6.61999999999999,,-13.022358522032908,NA,NA
Juan Minaya,NA,pitcher,10341,21.5,4.64,1.42,0,1,22,-2.22,-6.629999999999991,,-13.042029758471026,NA,NA
Parker Dunshee,Athletics,pitcher,sa873274,28,5.1,1.39,0,1,23,-2.24,-6.649999999999991,,-13.081372231347258,NA,NA
Robert Stock,Cubs,pitcher,6576,20.5,4.43,1.46,0,1,22,-2.24,-6.649999999999991,,-13.081372231347258,NA,NA
Brock Burke,Rangers,pitcher,17968,25,4.85,1.41,0,1,22,-2.24,-6.65999999999999,,-13.101043467785374,NA,NA
Angel Perdomo,Brewers,pitcher,17759,22,4.72,1.52,0,1,27,-2.25,-6.669999999999991,,-13.12071470422349,NA,NA
Phillip Diehl,Rockies,pitcher,20030,27,5.11,1.44,0,1,26,-2.25,-6.679999999999991,,-13.140385940661606,NA,NA
Luis Avilan,Nationals,pitcher,2882,18,4.27,1.4,0,1,18,-2.25,-6.679999999999991,,-13.140385940661606,NA,NA
Cody Allen,NA,pitcher,12183,24,5.07,1.45,0,1,26,-2.25,-6.679999999999991,,-13.140385940661606,NA,NA
Tony Cingrani,NA,pitcher,12555,15,4.18,1.34,0,1,16,-2.26,-6.689999999999991,,-13.160057177099722,NA,NA
Nick Tropeano,NA,pitcher,12385,20,4.81,1.39,0,1,20,-2.27,-6.709999999999991,,-13.199399649975955,NA,NA
Corey Oswalt,Mets,pitcher,13677,17,4.54,1.33,0,1,16,-2.28,-6.719999999999991,,-13.219070886414071,NA,NA
Jordan Balazovic,Twins,pitcher,sa918017,28,5.03,1.44,0,1,24,-2.28,-6.729999999999991,,-13.238742122852187,NA,NA
Thomas Hatch,Blue Jays,pitcher,19264,24,4.84,1.44,0,1,22,-2.28,-6.7399999999999904,,-13.258413359290303,NA,NA
Derek Law,NA,pitcher,13133,18,4.45,1.41,0,1,18,-2.29,-6.749999999999991,,-13.278084595728421,NA,NA
Ben Braymer,Nationals,pitcher,20175,48,5.59,1.57,0,2,38,-2.29,-6.749999999999991,,-13.278084595728421,NA,NA
Seranthony Dominguez,Phillies,pitcher,19249,11,3.75,1.28,0,1,13,-2.3,-6.759999999999991,,-13.297755832166535,NA,NA
Colin Poche,Rays,pitcher,19403,13,3.31,1.14,0,0,16,-2.31,-6.7799999999999905,,-13.337098305042767,NA,NA
Tony Santillan,Reds,pitcher,sa874781,47,5.7,1.56,0,2,37,-2.32,-6.799999999999991,,-13.376440777919,750.98,NA
Miguel Romero,Athletics,pitcher,sa3003109,22,4.72,1.45,0,1,20,-2.32,-6.809999999999991,,-13.396112014357117,NA,NA
Tom Eshelman,Orioles,pitcher,18361,38,5.71,1.48,0,2,24,-2.33,-6.8199999999999905,,-13.415783250795233,NA,NA
Will Vest,Mariners,pitcher,sa3004101,21,4.7,1.44,0,1,19,-2.33,-6.8199999999999905,,-13.415783250795233,NA,NA
Isaac Mattson,Orioles,pitcher,sa915667,22,4.86,1.44,0,1,20,-2.34,-6.829999999999991,,-13.43545448723335,NA,NA
Marcus Walden,Red Sox,pitcher,8004,26,4.81,1.48,0,1,22,-2.34,-6.829999999999991,,-13.43545448723335,NA,NA
Patrick Murphy,Blue Jays,pitcher,19712,18,4.47,1.41,0,1,16,-2.34,-6.839999999999991,,-13.455125723671467,NA,NA
Josh Sborz,Dodgers,pitcher,18323,12,4.14,1.31,0,1,13,-2.34,-6.839999999999991,,-13.455125723671467,NA,NA
Sean Reid-Foley,Mets,pitcher,17034,22,4.86,1.5,0,1,23,-2.34,-6.849999999999991,,-13.474796960109582,750.96,NA
Edgar Garcia,Reds,pitcher,19276,27,5.27,1.51,0,1,28,-2.35,-6.8599999999999905,,-13.494468196547697,NA,NA
Joey Gerber,Mariners,pitcher,24591,18,4.57,1.43,0,1,17,-2.35,-6.8599999999999905,,-13.494468196547697,NA,NA
Andre Scrubb,Astros,pitcher,20329,30,4.78,1.6,0,1,30,-2.36,-6.86999999999999,,-13.514139432985813,NA,NA
Alex Wells,Orioles,pitcher,sa919319,56,5.89,1.5,0,2,36,-2.36,-6.879999999999991,,-13.53381066942393,NA,NA
Mac Sceroler,Orioles,pitcher,sa915799,35,5.62,1.56,0,2,27,-2.37,-6.889999999999991,,-13.553481905862046,NA,NA
Alex Vesia,Marlins,pitcher,25007,15,4.43,1.4,0,1,15,-2.37,-6.889999999999991,,-13.553481905862046,749.72,NA
Aaron Fletcher,Mariners,pitcher,22052,14,4.28,1.4,0,1,14,-2.38,-6.90999999999999,,-13.592824378738278,NA,NA
Sam Hentges,Indians,pitcher,sa828881,32,5.6,1.58,0,2,26,-2.38,-6.919999999999991,,-13.612495615176396,NA,NA
Dylan File,Brewers,pitcher,sa3004197,19,5.05,1.35,0,1,15,-2.39,-6.919999999999991,,-13.612495615176396,NA,NA
Josh Osich,Reds,pitcher,11528,16,4.7,1.39,0,1,15,-2.39,-6.929999999999991,,-13.632166851614512,NA,NA
Kent Emanuel,Astros,pitcher,sa549399,14,4.35,1.35,0,1,12,-2.39,-6.939999999999991,,-13.651838088052628,NA,NA
Kohl Stewart,Cubs,pitcher,15502,27.5,5.36,1.56,0,2,19,-2.4,-6.939999999999991,,-13.651838088052628,NA,NA
Paul Campbell,Marlins,pitcher,sa3005052,22,4.9,1.43,0,1,17,-2.4,-6.94999999999999,,-13.671509324490742,NA,NA
Jose Ruiz,White Sox,pitcher,14552,17,4.71,1.47,0,1,17,-2.42,-6.979999999999991,,-13.730523033805092,NA,NA
Brandon Morrow,NA,pitcher,9346,10,4.09,1.28,0,1,10,-2.42,-6.979999999999991,,-13.730523033805092,NA,NA
Adam Warren,Yankees,pitcher,9029,14,4.61,1.38,0,1,13,-2.43,-6.999999999999991,,-13.769865506681326,NA,NA
Fernando Abad,NA,pitcher,4994,14,4.66,1.35,0,1,12,-2.43,-7.009999999999991,,-13.789536743119442,NA,NA
Junior Fernandez,Cardinals,pitcher,18496,20.5,4.94,1.51,0,1,20,-2.44,-7.009999999999991,,-13.789536743119442,NA,NA
Anthony Banda,Giants,pitcher,14706,16,4.65,1.43,0,1,14,-2.44,-7.0299999999999905,,-13.828879215995673,NA,NA
Edubray Ramos,NA,pitcher,16086,14,4.75,1.38,0,1,13,-2.44,-7.0299999999999905,,-13.828879215995673,NA,NA
Bernardo Flores Jr.,White Sox,pitcher,19561,15,4.57,1.36,0,1,11,-2.44,-7.0299999999999905,,-13.828879215995673,NA,NA
Seth Elledge,Cardinals,pitcher,19766,15,4.57,1.47,0,1,15,-2.45,-7.039999999999991,,-13.84855045243379,NA,NA
A.J. Cole,NA,pitcher,11467,14,4.88,1.4,0,1,14,-2.45,-7.039999999999991,,-13.84855045243379,NA,NA
Nick Mears,Pirates,pitcher,25376,12,4.54,1.42,0,1,13,-2.46,-7.059999999999991,,-13.887892925310021,750.94,NA
Ryan Buchter,NA,pitcher,9456,12,4.72,1.4,0,1,13,-2.46,-7.0699999999999905,,-13.907564161748137,NA,NA
Yohan Ramirez,Mariners,pitcher,19444,16,4.62,1.56,0,1,18,-2.47,-7.0699999999999905,,-13.907564161748137,731.9,NA
Ian Hamilton,Phillies,pitcher,19261,12,4.52,1.4,0,1,12,-2.47,-7.0699999999999905,,-13.907564161748137,NA,NA
Garrett Whitlock,Red Sox,pitcher,sa3005306,16,4.6,1.44,0,1,13,-2.47,-7.0699999999999905,,-13.907564161748137,NA,NA
Andrew Triggs,NA,pitcher,13533,14,4.86,1.4,0,1,13,-2.47,-7.079999999999991,,-13.927235398186255,NA,NA
Zack Burdi,White Sox,pitcher,19159,14,4.93,1.5,0,1,16,-2.49,-7.11999999999999,,-14.005920343938719,750.42,NA
Beau Burrows,Tigers,pitcher,18873,22,5.23,1.49,0,1,19,-2.5,-7.11999999999999,,-14.005920343938719,750.03,NA
Blake Cederlind,Pirates,pitcher,20344,16,4.75,1.5,0,1,15,-2.5,-7.129999999999991,,-14.025591580376837,748.44,NA
Ben Bowden,Rockies,pitcher,sa873701,13,4.92,1.49,0,1,15,-2.51,-7.139999999999991,,-14.045262816814951,750.97,NA
Ian Krol,Tigers,pitcher,10066,12,4.67,1.44,0,1,12,-2.51,-7.149999999999991,,-14.064934053253067,NA,NA
Peter Lambert,Rockies,pitcher,17969,38,5.74,1.51,0,1,31,-2.51,-7.15999999999999,,-14.084605289691183,NA,NA
David Hess,NA,pitcher,16130,12,4.92,1.38,0,1,11,-2.52,-7.169999999999991,,-14.1042765261293,NA,NA
Rico Garcia,Giants,pitcher,20023,12,4.59,1.43,0,1,11,-2.52,-7.169999999999991,,-14.1042765261293,NA,NA
Jackson Kowar,NA,pitcher,sa3008273,19,5.12,1.46,0,1,15,-2.52,-7.169999999999991,,-14.1042765261293,713.58,NA
Javy Guerra,NA,pitcher,7407,16,5.06,1.43,0,1,13,-2.52,-7.169999999999991,,-14.1042765261293,NA,NA
Jordan Holloway,Marlins,pitcher,20631,26,4.83,1.64,0,1,24,-2.54,-7.19999999999999,,-14.163290235443649,NA,NA
Dominic Leone,NA,pitcher,13763,15,4.34,1.36,0,0,17,-2.55,-7.219999999999991,,-14.202632708319882,NA,NA
Tommy Doyle,Rockies,pitcher,21281,16,5.11,1.5,0,1,15,-2.55,-7.219999999999991,,-14.202632708319882,750.28,NA
Ty Tice,Blue Jays,pitcher,sa3004015,12,4.63,1.5,0,1,12,-2.55,-7.219999999999991,,-14.202632708319882,NA,NA
Brian Howard,Athletics,pitcher,sa918377,12,4.86,1.4,0,1,10,-2.55,-7.219999999999991,,-14.202632708319882,NA,NA
Jimmy Lambert,White Sox,pitcher,19541,12,4.82,1.44,0,1,11,-2.55,-7.219999999999991,,-14.202632708319882,NA,NA
Patrick Weigel,Braves,pitcher,17792,18,5.02,1.53,0,1,16,-2.55,-7.229999999999991,,-14.222303944757996,NA,NA
Jhoulys Chacin,Yankees,pitcher,2608,19,5.36,1.48,0,1,16,-2.56,-7.2399999999999904,,-14.241975181196112,750.97,NA
Nick Sandlin,NA,pitcher,sa3006820,15,4.49,1.38,0,0,18,-2.56,-7.2399999999999904,,-14.241975181196112,NA,NA
Edwar Colina,Twins,pitcher,20589,16,5.14,1.51,0,1,15,-2.56,-7.249999999999991,,-14.26164641763423,NA,NA
Clay Holmes,NA,pitcher,13649,17,4.8,1.58,0,1,16,-2.57,-7.249999999999991,,-14.26164641763423,NA,NA
Garrett Cleavinger,Dodgers,pitcher,17897,10,4.58,1.51,0,1,11,-2.57,-7.259999999999991,,-14.281317654072346,NA,NA
Brooks Kriske,Yankees,pitcher,21189,12,4.94,1.56,0,1,14,-2.58,-7.269999999999991,,-14.300988890510462,NA,NA
Keegan Thompson,Cubs,pitcher,sa918851,19,5.49,1.46,0,1,15,-2.58,-7.2799999999999905,,-14.320660126948578,NA,NA
Luis Garcia,Yankees,pitcher,6984,10,4.61,1.45,0,1,9,-2.59,-7.289999999999991,,-14.340331363386696,615.17,NA
Luis Garcia,Yankees,pitcher,6984,10,4.61,1.45,0,1,9,-2.59,-7.289999999999991,,-14.340331363386696,680.2,NA
Luis Garcia,Yankees,pitcher,6984,10,4.61,1.45,0,1,9,-2.59,-7.289999999999991,,-14.340331363386696,615.17,NA
Luis Garcia,Yankees,pitcher,6984,10,4.61,1.45,0,1,9,-2.59,-7.289999999999991,,-14.340331363386696,680.2,NA
Ramon Rosso,Phillies,pitcher,20368,11,5.14,1.45,0,1,11,-2.59,-7.289999999999991,drafted,-14.340331363386696,NA,1
Vladimir Gutierrez,Reds,pitcher,sa952977,19,5.68,1.46,0,1,16,-2.59,-7.299999999999991,,-14.360002599824812,NA,NA
Kevin McCarthy,Red Sox,pitcher,15240,12,4.6,1.44,0,1,8,-2.6,-7.309999999999991,,-14.379673836262928,NA,NA
Damon Jones,Phillies,pitcher,sa3004862,14,4.87,1.58,0,1,14,-2.6,-7.309999999999991,,-14.379673836262928,NA,NA
Brailyn Marquez,Cubs,pitcher,21896,12,4.85,1.54,0,1,12,-2.6,-7.3199999999999905,,-14.399345072701042,703.51,NA
Ashton Goudeau,Orioles,pitcher,15139,12,5.17,1.43,0,1,10,-2.6,-7.3199999999999905,,-14.399345072701042,750.97,NA
Angel Rondon,Cardinals,pitcher,sa917908,19,5.28,1.51,0,1,15,-2.6,-7.3199999999999905,,-14.399345072701042,750.87,NA
Austin Davis,Pirates,pitcher,17117,16,4.39,1.4,0,0,16,-2.61,-7.329999999999991,,-14.41901630913916,NA,NA
Antonio Santos,Rockies,pitcher,20383,19,5.59,1.47,0,1,15,-2.61,-7.329999999999991,,-14.41901630913916,NA,NA
Jose Alberto Rivera,Angels,pitcher,sa3003090,42,5.76,1.69,0,2,36,-2.62,-7.349999999999991,,-14.458358782015392,NA,NA
Kyle Dohy,Phillies,pitcher,sa3004861,10,4.91,1.65,0,1,13,-2.64,-7.379999999999991,,-14.517372491329741,NA,NA
Brandon Bailey,Reds,pitcher,19582,12,5.33,1.53,0,1,12,-2.65,-7.389999999999991,,-14.537043727767857,NA,NA
Glenn Sparkman,NA,pitcher,15200,12,5.18,1.42,0,1,8,-2.65,-7.399999999999991,,-14.556714964205973,NA,NA
Joey Wentz,Tigers,pitcher,sa917946,19,5.54,1.54,0,1,16,-2.66,-7.419999999999991,,-14.596057437082205,NA,NA
Chris Mazza,Red Sox,pitcher,14151,10.5,5.07,1.46,0,1,8,-2.66,-7.419999999999991,,-14.596057437082205,NA,NA
Spencer Patton,Rangers,pitcher,12361,16,4.84,1.44,0,0,18,-2.66,-7.419999999999991,,-14.596057437082205,NA,NA
Dedniel Nunez,Giants,pitcher,sa3004203,12,5.17,1.51,0,1,10,-2.66,-7.419999999999991,,-14.596057437082205,NA,NA
Silvino Bracho,Giants,pitcher,15051,10,4.17,1.26,0,0,11,-2.67,-7.429999999999991,,-14.615728673520321,NA,NA
Dan Otero,NA,pitcher,7385,15,4.35,1.31,0,0,10,-2.67,-7.439999999999991,,-14.635399909958437,NA,NA
Ervin Santana,NA,pitcher,3200,28,5.63,1.49,0,1,17,-2.67,-7.44999999999999,,-14.655071146396553,NA,NA
Sam Delaplane,Mariners,pitcher,sa3004222,10,3.94,1.32,0,0,11,-2.68,-7.459999999999991,,-14.67474238283467,747.7,NA
Art Warren,Reds,pitcher,18251,19,4.73,1.5,0,0,19,-2.68,-7.459999999999991,,-14.67474238283467,NA,NA
J.B. Bukauskas,Diamondbacks,pitcher,sa829263,19,5.23,1.63,0,1,17,-2.68,-7.469999999999991,,-14.694413619272787,750.08,NA
Neftali Feliz,NA,pitcher,18,14,5.53,1.56,0,1,13,-2.69,-7.469999999999991,,-14.694413619272787,750.89,NA
Edinson Volquez,NA,pitcher,3990,12,5.16,1.55,0,1,10,-2.69,-7.469999999999991,,-14.694413619272787,NA,NA
Trey Wingenter,Padres,pitcher,17793,11,4.28,1.38,0,0,13,-2.69,-7.479999999999991,,-14.714084855710903,NA,NA
Adonis Medina,Phillies,pitcher,19903,19,5.63,1.54,0,1,15,-2.7,-7.4899999999999904,,-14.733756092149019,750.2,NA
Kyle Funkhouser,Tigers,pitcher,19456,16,5.33,1.6,0,1,14,-2.7,-7.4899999999999904,,-14.733756092149019,NA,NA
Joel Payamps,Red Sox,pitcher,14332,14,4.63,1.38,0,0,13,-2.71,-7.499999999999991,,-14.753427328587136,NA,NA
Daniel Gossett,NA,pitcher,16164,9,5.33,1.48,0,1,7,-2.71,-7.509999999999991,,-14.77309856502525,NA,NA
Camilo Doval,Giants,pitcher,sa916835,24,5.26,1.71,0,1,23,-2.73,-7.549999999999991,,-14.851783510777716,NA,NA
Wyatt Mills,Mariners,pitcher,sa918372,10,4.2,1.34,0,0,10,-2.74,-7.5699999999999905,,-14.891125983653948,NA,NA
Reggie Lawson,Padres,pitcher,sa917951,9,5.36,1.58,0,1,8,-2.74,-7.5699999999999905,,-14.891125983653948,NA,NA
Tyler Bashlor,Pirates,pitcher,15203,20.5,5.21,1.48,0,0,19,-2.75,-7.579999999999991,,-14.910797220092066,NA,NA
Adam Morgan,NA,pitcher,12580,10,4.37,1.35,0,0,10,-2.76,-7.599999999999991,,-14.950139692968296,NA,NA
Stephen Tarpley,Mets,pitcher,15859,12,4.41,1.44,0,0,12,-2.76,-7.599999999999991,,-14.950139692968296,NA,NA
Carlos Sanabria,NA,pitcher,16634,12,5.6,1.66,0,1,12,-2.77,-7.6099999999999905,,-14.969810929406412,NA,NA
Johan Quezada,Phillies,pitcher,20643,18,5.49,1.64,0,1,15,-2.77,-7.61999999999999,,-14.989482165844528,NA,NA
Wandisson Charles,Athletics,pitcher,sa874818,18,5.38,1.79,0,1,21,-2.77,-7.61999999999999,,-14.989482165844528,NA,NA
Francis Martes,Astros,pitcher,17303,10,4.43,1.45,0,0,12,-2.78,-7.639999999999991,,-15.028824638720762,NA,NA
Dereck Rodriguez,NA,pitcher,14509,33,6.03,1.56,0,1,25,-2.78,-7.639999999999991,,-15.028824638720762,NA,NA
Tommy Kahnle,Dodgers,pitcher,11384,5,3.31,1.18,0,0,7,-2.79,-7.649999999999991,,-15.048495875158878,750.9,NA
Jimmie Sherfy,NA,pitcher,15118,8,4.19,1.34,0,0,9,-2.79,-7.649999999999991,,-15.048495875158878,NA,NA
Albert Abreu,Yankees,pitcher,17485,25,5.8,1.65,0,1,22,-2.8,-7.679999999999991,,-15.107509584473227,NA,NA
Gabe Speier,NA,pitcher,17170,14,4.7,1.47,0,0,12,-2.81,-7.69999999999999,,-15.146852057349458,NA,NA
Jimmy Nelson,NA,pitcher,10547,8,4.22,1.34,0,0,8,-2.81,-7.69999999999999,,-15.146852057349458,750.59,NA
Carl Edwards Jr.,Braves,pitcher,13607,8,4.25,1.4,0,0,9,-2.82,-7.709999999999991,,-15.166523293787575,NA,NA
Tyler Johnson,White Sox,pitcher,sa915688,8,4.24,1.36,0,0,8,-2.82,-7.719999999999991,,-15.186194530225691,NA,NA
Arodys Vizcaino,NA,pitcher,5498,8,4.37,1.36,0,0,8,-2.83,-7.7399999999999904,,-15.225537003101923,NA,NA
Jeremy Walker,Braves,pitcher,19981,11,4.45,1.4,0,0,8,-2.84,-7.7399999999999904,,-15.225537003101923,NA,NA
Chi Chi Gonzalez,NA,pitcher,14663,28,5.94,1.61,0,1,21,-2.86,-7.769999999999991,,-15.284550712416273,NA,NA
Roenis Elias,Mariners,pitcher,12673,10,4.91,1.44,0,0,9,-2.89,-7.829999999999991,,-15.40257813104497,NA,NA
Jason Foley,NA,pitcher,sa915677,15,5.7,1.67,0,1,10,-2.89,-7.839999999999991,,-15.422249367483087,NA,NA
Jacob Waguespack,Blue Jays,pitcher,18318,8.5,4.75,1.43,0,0,8,-2.89,-7.839999999999991,,-15.422249367483087,NA,NA
Brendan McCurry,NA,pitcher,sa829486,6,4.44,1.34,0,0,6,-2.9,-7.849999999999991,,-15.441920603921202,NA,NA
Anderson Espinoza,Padres,pitcher,sa872856,6,4.54,1.4,0,0,7,-2.9,-7.8599999999999905,,-15.461591840359318,NA,NA
Daniel Castano,Marlins,pitcher,19805,8,4.49,1.41,0,0,6,-2.91,-7.879999999999991,,-15.50093431323555,NA,NA
Franklyn Kilome,Mets,pitcher,17861,10,4.8,1.51,0,0,9,-2.92,-7.889999999999991,,-15.520605549673666,NA,NA
Francisco Liriano,NA,pitcher,3201,8,4.73,1.49,0,0,8,-2.92,-7.889999999999991,,-15.520605549673666,NA,NA
Nivaldo Rodriguez,Astros,pitcher,22449,8,4.84,1.45,0,0,7,-2.93,-7.919999999999991,,-15.579619258988016,NA,NA
Tommy Eveld,NA,pitcher,sa918150,5,4.36,1.38,0,0,5,-2.94,-7.929999999999991,,-15.599290495426132,NA,NA
Justin Lawrence,Rockies,pitcher,sa875567,15,5.86,1.78,0,1,13,-2.94,-7.929999999999991,,-15.599290495426132,NA,NA
Seth Romero,Nationals,pitcher,21333,8,5.02,1.49,0,0,8,-2.94,-7.929999999999991,,-15.599290495426132,749.11,NA
Phil Bickford,Brewers,pitcher,18519,12,5.45,1.53,0,0,11,-2.96,-7.959999999999991,,-15.658304204740482,NA,NA
Sam McWilliams,Mets,pitcher,sa829124,6,4.74,1.43,0,0,5,-2.97,-7.979999999999991,,-15.697646677616712,750.83,NA
Matt Magill,Mariners,pitcher,3950,5,4.84,1.41,0,0,5,-2.97,-7.979999999999991,,-15.697646677616712,750.55,NA
Sam Gaviglio,NA,pitcher,12778,5,4.72,1.35,0,0,4,-2.97,-7.979999999999991,,-15.697646677616712,NA,NA
Gray Fenter,Cubs,pitcher,sa875233,21,5.96,1.75,0,1,18,-2.97,-7.9899999999999904,,-15.717317914054828,NA,NA
Nolan Blackwood,NA,pitcher,sa874212,8,4.67,1.51,0,0,6,-2.97,-7.9899999999999904,,-15.717317914054828,NA,NA
Mike Kickham,NA,pitcher,11618,5,4.79,1.46,0,0,5,-2.98,-7.999999999999991,,-15.736989150492946,NA,NA
Jake Faria,NA,pitcher,13699,4,4.71,1.41,0,0,4,-2.99,-8.01999999999999,,-15.776331623369177,NA,NA
Tim Mayza,Blue Jays,pitcher,15042,3,4.1,1.38,0,0,3,-3,-8.02999999999999,,-15.796002859807293,NA,NA
Jesse Biddle,Reds,pitcher,11437,5,4.81,1.51,0,0,5,-3,-8.02999999999999,,-15.796002859807293,NA,NA
Domingo Tapia,Mariners,pitcher,12178,6,4.73,1.53,0,0,5,-3,-8.039999999999992,,-15.815674096245413,NA,NA
Kyle Barraclough,NA,pitcher,13713,4,4.67,1.47,0,0,4,-3,-8.039999999999992,,-15.815674096245413,NA,NA
Max Kranick,Pirates,pitcher,sa919118,18,6.24,1.66,0,1,11,-3,-8.039999999999992,,-15.815674096245413,NA,NA
Joe Biagini,NA,pitcher,13194,5,4.78,1.46,0,0,4,-3.01,-8.049999999999992,,-15.835345332683529,NA,NA
Eduard Bazardo,Red Sox,pitcher,sa873313,3,4.61,1.36,0,0,3,-3.01,-8.049999999999992,,-15.835345332683529,NA,NA
Dakota Bacus,Nationals,pitcher,14545,10,5.23,1.56,0,0,8,-3.01,-8.049999999999992,,-15.835345332683529,NA,NA
Matt Peacock,Diamondbacks,pitcher,sa3004019,5,4.63,1.5,0,0,4,-3.01,-8.059999999999992,,-15.855016569121645,NA,NA
Jean Carlos Mejia,Indians,pitcher,sa830122,5,4.78,1.48,0,0,4,-3.01,-8.059999999999992,,-15.855016569121645,NA,NA
Rex Brothers,NA,pitcher,9794,4,4.7,1.6,0,0,5,-3.01,-8.059999999999992,,-15.855016569121645,NA,NA
Tyler Lyons,Yankees,pitcher,11334,3,4.71,1.38,0,0,3,-3.01,-8.059999999999992,,-15.855016569121645,NA,NA
Joe Gatto,Rangers,pitcher,sa828693,7,4.89,1.58,0,0,6,-3.01,-8.059999999999992,,-15.855016569121645,NA,NA
Brandon Waddell,Twins,pitcher,18347,4,4.86,1.5,0,0,4,-3.02,-8.069999999999991,,-15.874687805559759,NA,NA
Yacksel Rios,NA,pitcher,15007,5,4.95,1.49,0,0,4,-3.02,-8.079999999999991,,-15.894359041997875,NA,NA
DL Hall,NA,pitcher,sa3005282,19,6.06,1.79,0,1,16,-3.03,-8.089999999999991,,-15.914030278435991,NA,NA
Evan Kruczynski,NA,pitcher,sa3004341,4,4.79,1.46,0,0,3,-3.03,-8.089999999999991,,-15.914030278435991,NA,NA
Humberto Castellanos,Diamondbacks,pitcher,21183,3,4.52,1.38,0,0,2,-3.03,-8.09999999999999,,-15.933701514874107,NA,NA
Kyle Muller,Braves,pitcher,sa917931,4,4.87,1.56,0,0,4,-3.03,-8.09999999999999,,-15.933701514874107,NA,NA
Sam Clay,Nationals,pitcher,sa828815,5,4.56,1.59,0,0,4,-3.03,-8.09999999999999,,-15.933701514874107,NA,NA
Durbin Feltman,Red Sox,pitcher,sa3007959,5,5.12,1.59,0,0,5,-3.04,-8.09999999999999,,-15.933701514874107,NA,NA
Jasseel De La Cruz,Braves,pitcher,sa879559,3,4.88,1.51,0,0,3,-3.04,-8.10999999999999,,-15.953372751312223,NA,NA
Jefry Rodriguez,Nationals,pitcher,17018,9,5.37,1.58,0,0,7,-3.04,-8.11999999999999,,-15.973043987750339,NA,NA
Mauricio Llovera,Phillies,pitcher,20080,3,5.5,1.44,0,0,3,-3.05,-8.11999999999999,,-15.973043987750339,NA,NA
Scott Blewett,Royals,pitcher,16427,10,5.45,1.55,0,0,7,-3.05,-8.11999999999999,,-15.973043987750339,NA,NA
Hector Perez,Reds,pitcher,18592,4,5.3,1.64,0,0,4,-3.07,-8.159999999999991,,-16.051728933502805,NA,NA
Andre Jackson,Dodgers,pitcher,sa829605,9,5.4,1.69,0,0,8,-3.08,-8.18999999999999,,-16.110742642817154,NA,NA
Alexander Vizcaino,Yankees,pitcher,sa920272,5,5.8,1.62,0,0,4,-3.1,-8.209999999999992,,-16.150085115693386,NA,NA
Ryan Rolison,NA,pitcher,sa3008244,9,5.97,1.61,0,0,7,-3.11,-8.229999999999992,,-16.189427588569618,750.51,NA
Jose Mujica,Rockies,pitcher,17821,5,5.93,1.56,0,0,3,-3.11,-8.239999999999991,,-16.209098825007736,NA,NA
Luis Oviedo,Pirates,pitcher,sa917344,24,6.08,1.76,0,1,17,-3.12,-8.249999999999991,,-16.22877006144585,NA,NA
Mason Thompson,Padres,pitcher,sa917969,3,5.94,1.75,0,0,2,-3.14,-8.27999999999999,,-16.2877837707602,NA,NA
Dakota Chalmers,Twins,pitcher,sa875017,9,6.19,1.75,0,0,7,-3.2,-8.399999999999991,,-16.523838608017595,NA,NA
Jordan Sheffield,Rockies,pitcher,sa738245,33,6.31,1.82,0,1,32,-3.21,-8.409999999999991,,-16.54350984445571,NA,NA
Jose Soriano,Pirates,pitcher,sa916702,27,6.2,1.91,0,1,22,-3.36,-8.67999999999999,,-17.074633228284846,NA,NA
Ryan Castellani,Rockies,pitcher,16377,64,6.84,1.78,0,3,47,-3.52,-8.969999999999992,,-17.645099084990218,NA,NA
Anthony Gose,NA,pitcher,5097,12,8.87,2.55,0,1,12,-3.74,-9.389999999999992,,-18.4712910153911,NA,NA
Garrett Richards,NA,pitcher,9784,66,4.48,NA,0,Inf,NaN,NA,NA,drafted,NA,424.05,3
Jon Duplantier,Diamondbacks,pitcher,19546,13.5,3.71,1.18,0,NaN,NaN,NaN,NaN,,NaN,NA,NA
